-- Crear la extensión PostGIS una sola vez
CREATE EXTENSION IF NOT EXISTS postgis;


-- Eliminar tablas en el orden correcto para evitar errores de dependencia
DROP TABLE IF EXISTS mediciones CASCADE;
DROP TABLE IF EXISTS ubicaciones_estaciones CASCADE;
DROP TABLE IF EXISTS tiempos_exposicion CASCADE;
DROP TABLE IF EXISTS estaciones CASCADE;
DROP TABLE IF EXISTS variables_ambientales CASCADE;
DROP TABLE IF EXISTS autoridades_ambientales CASCADE;
DROP TABLE IF EXISTS municipios CASCADE;
DROP TABLE IF EXISTS departamentos CASCADE;

-- Creación de las tablas de catálogo (Dimensiones)

CREATE TABLE departamentos (
    id_departamento INTEGER PRIMARY KEY,
    nombre_departamento VARCHAR(100) NOT NULL
);

CREATE TABLE municipios (
    id_municipio INTEGER PRIMARY KEY,
    nombre_municipio VARCHAR(100) NOT NULL UNIQUE, -- Restricción UNIQUE añadida aquí
    id_departamento INTEGER REFERENCES departamentos(id_departamento)
);

CREATE TABLE autoridades_ambientales (
    id_autoridad_ambiental SERIAL PRIMARY KEY,
    nombre VARCHAR(100) UNIQUE NOT NULL
);

CREATE TABLE variables_ambientales (
    id_variable_ambiental SERIAL PRIMARY KEY,
    nombre_variable VARCHAR(50) UNIQUE NOT NULL,
    unidades VARCHAR(20) NOT NULL DEFAULT 'µg/m³',
    es_contaminante BOOLEAN DEFAULT true
);

CREATE TABLE estaciones (
    id_estacion INTEGER PRIMARY KEY,
    nombre_estacion VARCHAR(100) NOT NULL,
    tipo_estacion VARCHAR(50) NOT NULL,
    id_municipio INTEGER REFERENCES municipios(id_municipio),
    id_autoridad_ambiental INTEGER REFERENCES autoridades_ambientales(id_autoridad_ambiental)
);

CREATE TABLE tiempos_exposicion (
    id_exposicion SERIAL PRIMARY KEY,
    id_variable_ambiental INTEGER NOT NULL REFERENCES variables_ambientales(id_variable_ambiental), 
    tiempo_horas SMALLINT CHECK (tiempo_horas IN (1, 3, 8, 24)),
    UNIQUE(id_variable_ambiental, tiempo_horas)
);

CREATE TABLE ubicaciones_estaciones (
    id_ubicacion SERIAL PRIMARY KEY,
    id_estacion INTEGER REFERENCES estaciones(id_estacion) ON DELETE CASCADE,
    anio SMALLINT NOT NULL,
    latitud NUMERIC(10, 9) NOT NULL,
    longitud NUMERIC(10, 8) NOT NULL,
    geom GEOMETRY(Point, 4326) -- Columna PostGIS para las coordenadas
);

-- Creación de la tabla de hechos (Mediciones) - VERSIÓN CORREGIDA

CREATE TABLE mediciones (
    id_medicion SERIAL PRIMARY KEY,
    id_estacion INTEGER REFERENCES estaciones(id_estacion),
    id_exposicion INTEGER REFERENCES tiempos_exposicion(id_exposicion), -- VINCULACIÓN CORRECTA
    anio SMALLINT NOT NULL,
    promedio DECIMAL(10, 2),
    mediana DECIMAL(10, 2),
    percentil_98 DECIMAL(10, 2),
    maximo DECIMAL(10, 2),
    minimo DECIMAL(10, 2),
    excedencias_limite_actual INTEGER,
    porcentaje_excedencias DECIMAL(5, 2) CHECK (porcentaje_excedencias >= 0),
	dias_excendecias INTEGER,
    no_datos INTEGER,
    representatividad_temporal DECIMAL(5, 2),
    fecha_hora_maximo TIMESTAMP,
    fecha_hora_minimo TIMESTAMP,
    CONSTRAINT unique_medicion UNIQUE(id_estacion, id_exposicion, anio)
);

-- Ver las ubicaciones (haga click en la columna geom en un icono similar a una bandera para ver en el mapa de postgis)
SELECT * FROM ubicaciones_estaciones;

-- Ver las ubicaciones en formato Point(Longitud, Latitud)
SELECT 
    id_estacion, 
    anio, 
    longitud, 
    latitud, 
    ST_AsText(geom) AS coordenadas_legibles 
FROM 
    ubicaciones_estaciones;


--INSERCIONES

INSERT INTO departamentos (id_departamento, nombre_departamento) VALUES(76, 'VALLE DEL CAUCA');

INSERT INTO municipios (id_municipio, nombre_municipio, id_departamento) VALUES (76520,'PALMIRA',76), (76892,'YUMBO',76), (76109,'BUENAVENTURA',76), 
(76130,'CANDELARIA',76), (76001,'CALI',76), (76111,'BUGA',76),(76364,'JAMUNDI',76), (76834,'TULUA',76), (76147,'CARTAGO',76), (76895,'ZARZAL',76); 
SELECT * FROM municipios;


INSERT INTO autoridades_ambientales (nombre) VALUES ('DAGMA'), ('CVC');

INSERT INTO estaciones (id_estacion, nombre_estacion, tipo_estacion, id_municipio, id_autoridad_ambiental) VALUES
(31817,'MOVIL-PALMIRA','Fija',76520,2), (8775,'PALMIRA','Fija',76520,2), (8776,'ACOPI','Fija',76892,2), (8777,'ESTACION YUMBO','Fija',76892,2), 
(30018,'BUENAVENTURA','Fija',76109,2), (31823,'URBANO','Fija',76130,2), (8986,'LA FLORA','Fija',76001,1), (30004,'ERA OBRERO','Fija',76001,1), 
(30109,'CAÑAVERALEJO','Fija',76001,1), (8285,'BASE AEREA','Fija',76001,1), (8288,'PANCE','Fija',76001,1), (8291,'UNIVERSIDAD DEL VALLE','Fija',76001,1), 
(30110,'COMPARTIR','Fija',76001,1), (26190,'TRANSITORIA-NAVARRO','Fija',76001,1), (30111,'LA ERMITA','Fija',76001,1), 
(31818,'ESTACION BUGA','Fija',76111,2), (31819,'LA DOLORES','Fija',76520,2), (31820,'CASCAJAL','Fija',76001,2), (31821,'ESTACION JAMUNDI','Fija',76364,2), 
(31847,'LAS AMERICAS','Fija',76892,2), (31822,'ESTACION TULUA','Fija',76834,2), (31974,'ECA CTGO','Fija',76147,2), 
(31978,'ECA BUGA','Fija',76111,2), (31988,'ECA LA PAILA','Fija',76895,2);

INSERT INTO variables_ambientales (nombre_variable, unidades, es_contaminante) VALUES ('O3', 'ugm3', true), ('PM10', 'ugm3', true),
('CO', 'ugm3', true), ('PM2.5', 'ugm3', true), ('SO2', 'ugm3', true), ('NO2', 'ugm3', true), ('NO', 'ugm3', true);

INSERT INTO tiempos_exposicion (id_variable_ambiental, tiempo_horas) VALUES
(1, 1), (1, 8), (2, 1), (2, 24), (3, 1), (3, 8), (4, 1), (4, 24), (5, 1), (5, 3),
(5, 24), (6, 1), (6, 24), (7, 1);

INSERT INTO ubicaciones_estaciones (id_estacion, anio, longitud, latitud, geom) VALUES 
(8986, 2011, -76.52122500, 3.49051400, ST_SetSRID(ST_MakePoint(-76.52122500, 3.49051400), 4326)),
(30004, 2011, -76.52226700, 3.45041900, ST_SetSRID(ST_MakePoint(-76.52226700, 3.45041900), 4326)),
(8777, 2011, -76.48833300, 3.58083300, ST_SetSRID(ST_MakePoint(-76.48833300, 3.58083300), 4326)),
(8776, 2011, -76.50697200, 3.49625000, ST_SetSRID(ST_MakePoint(-76.50697200, 3.49625000), 4326)),
(30018, 2011, -77.06897200, 3.88972200, ST_SetSRID(ST_MakePoint(-77.06897200, 3.88972200), 4326)),
(31823, 2011, -76.34727800, 3.41146700, ST_SetSRID(ST_MakePoint(-76.34727800, 3.41146700), 4326)),
(8775, 2011, -76.30083300, 3.53750000, ST_SetSRID(ST_MakePoint(-76.30083300, 3.53750000), 4326)),
(31823, 2012, -76.34727800, 3.41146700, ST_SetSRID(ST_MakePoint(-76.34727800, 3.41146700), 4326)),
(8775, 2012, -76.30083300, 3.53750000, ST_SetSRID(ST_MakePoint(-76.30083300, 3.53750000), 4326)),
(30004, 2012, -76.52226700, 3.45041900, ST_SetSRID(ST_MakePoint(-76.52226700, 3.45041900), 4326)),
(8986, 2012, -76.52122500, 3.49051400, ST_SetSRID(ST_MakePoint(-76.52122500, 3.49051400), 4326)),
(8776, 2012, -76.50697200, 3.49625000, ST_SetSRID(ST_MakePoint(-76.50697200, 3.49625000), 4326)),
(30018, 2012, -77.06897200, 3.88972200, ST_SetSRID(ST_MakePoint(-77.06897200, 3.88972200), 4326)),
(8285, 2014, -76.50230300, 3.45712800, ST_SetSRID(ST_MakePoint(-76.50230300, 3.45712800), 4326)),
(8291, 2013, -76.53381100, 3.37791100, ST_SetSRID(ST_MakePoint(-76.53381100, 3.37791100), 4326)),
(8285, 2013, -76.50230300, 3.45712800, ST_SetSRID(ST_MakePoint(-76.50230300, 3.45712800), 4326)),
(8776, 2013, -76.50697200, 3.49625000, ST_SetSRID(ST_MakePoint(-76.50697200, 3.49625000), 4326)),
(8288, 2013, -76.53258100, 3.30533900, ST_SetSRID(ST_MakePoint(-76.53258100, 3.30533900), 4326)),
(30018, 2013, -77.06897200, 3.88972200, ST_SetSRID(ST_MakePoint(-77.06897200, 3.88972200), 4326)),
(8986, 2013, -76.52122500, 3.49051400, ST_SetSRID(ST_MakePoint(-76.52122500, 3.49051400), 4326)),
(31823, 2013, -76.34727800, 3.41146700, ST_SetSRID(ST_MakePoint(-76.34727800, 3.41146700), 4326)),
(8775, 2014, -76.30083300, 3.53750000, ST_SetSRID(ST_MakePoint(-76.30083300, 3.53750000), 4326)),
(8777, 2014, -76.48833300, 3.58083300, ST_SetSRID(ST_MakePoint(-76.48833300, 3.58083300), 4326)),
(8291, 2014, -76.53381100, 3.37791100, ST_SetSRID(ST_MakePoint(-76.53381100, 3.37791100), 4326)),
(8285, 2015, -76.50230300, 3.45712800, ST_SetSRID(ST_MakePoint(-76.50230300, 3.45712800), 4326)),
(30110, 2014, -76.46670000, 3.42838900, ST_SetSRID(ST_MakePoint(-76.46670000, 3.42838900), 4326)),
(26190, 2014, -76.49473600, 3.41720300, ST_SetSRID(ST_MakePoint(-76.49473600, 3.41720300), 4326)),
(30004, 2014, -76.52226700, 3.45041900, ST_SetSRID(ST_MakePoint(-76.52226700, 3.45041900), 4326)),
(8776, 2014, -76.50697200, 3.49625000, ST_SetSRID(ST_MakePoint(-76.50697200, 3.49625000), 4326)),
(8288, 2014, -76.53258100, 3.30533900, ST_SetSRID(ST_MakePoint(-76.53258100, 3.30533900), 4326)),
(30109, 2014, -76.54934700, 3.41538900, ST_SetSRID(ST_MakePoint(-76.54934700, 3.41538900), 4326)),
(30111, 2014, -76.53099200, 3.45546900, ST_SetSRID(ST_MakePoint(-76.53099200, 3.45546900), 4326)),
(8986, 2014, -76.52122500, 3.49051400, ST_SetSRID(ST_MakePoint(-76.52122500, 3.49051400), 4326)),
(8777, 2020, -76.48955800, 3.57907500, ST_SetSRID(ST_MakePoint(-76.48955800, 3.57907500), 4326)),
(8291, 2015, -76.53381100, 3.37791100, ST_SetSRID(ST_MakePoint(-76.53381100, 3.37791100), 4326)),
(30110, 2015, -76.46670000, 3.42838900, ST_SetSRID(ST_MakePoint(-76.46670000, 3.42838900), 4326)),
(30109, 2015, -76.54934700, 3.41538900, ST_SetSRID(ST_MakePoint(-76.54934700, 3.41538900), 4326)),
(26190, 2015, -76.49473600, 3.41720300, ST_SetSRID(ST_MakePoint(-76.49473600, 3.41720300), 4326)),
(8776, 2015, -76.50697200, 3.49625000, ST_SetSRID(ST_MakePoint(-76.50697200, 3.49625000), 4326)),
(8288, 2015, -76.53258100, 3.30533900, ST_SetSRID(ST_MakePoint(-76.53258100, 3.30533900), 4326)),
(8986, 2015, -76.52122500, 3.49051400, ST_SetSRID(ST_MakePoint(-76.52122500, 3.49051400), 4326)),
(30111, 2015, -76.53099200, 3.45546900, ST_SetSRID(ST_MakePoint(-76.53099200, 3.45546900), 4326)),
(30004, 2015, -76.52226700, 3.45041900, ST_SetSRID(ST_MakePoint(-76.52226700, 3.45041900), 4326)),
(8291, 2016, -76.53381100, 3.37791100, ST_SetSRID(ST_MakePoint(-76.53381100, 3.37791100), 4326)),
(30004, 2016, -76.52226700, 3.45041900, ST_SetSRID(ST_MakePoint(-76.52226700, 3.45041900), 4326)),
(30110, 2016, -76.46670000, 3.42838900, ST_SetSRID(ST_MakePoint(-76.46670000, 3.42838900), 4326)),
(8986, 2016, -76.52122500, 3.49051400, ST_SetSRID(ST_MakePoint(-76.52122500, 3.49051400), 4326)),
(26190, 2016, -76.49473600, 3.41720300, ST_SetSRID(ST_MakePoint(-76.49473600, 3.41720300), 4326)),
(8285, 2016, -76.50230300, 3.45712800, ST_SetSRID(ST_MakePoint(-76.50230300, 3.45712800), 4326)),
(30109, 2016, -76.54934700, 3.41538900, ST_SetSRID(ST_MakePoint(-76.54934700, 3.41538900), 4326)),
(8776, 2016, -76.50697200, 3.49625000, ST_SetSRID(ST_MakePoint(-76.50697200, 3.49625000), 4326)),
(30111, 2016, -76.53099200, 3.45546900, ST_SetSRID(ST_MakePoint(-76.53099200, 3.45546900), 4326)),
(8288, 2016, -76.53258100, 3.30533900, ST_SetSRID(ST_MakePoint(-76.53258100, 3.30533900), 4326)),
(8777, 2016, -76.48833300, 3.58083300, ST_SetSRID(ST_MakePoint(-76.48833300, 3.58083300), 4326)),
(8775, 2016, -76.30083300, 3.53750000, ST_SetSRID(ST_MakePoint(-76.30083300, 3.53750000), 4326)),
(8775, 2017, -76.30083300, 3.53750000, ST_SetSRID(ST_MakePoint(-76.30083300, 3.53750000), 4326)),
(30110, 2017, -76.46670000, 3.42838900, ST_SetSRID(ST_MakePoint(-76.46670000, 3.42838900), 4326)),
(30109, 2017, -76.54934700, 3.41538900, ST_SetSRID(ST_MakePoint(-76.54934700, 3.41538900), 4326)),
(8285, 2017, -76.50230300, 3.45712800, ST_SetSRID(ST_MakePoint(-76.50230300, 3.45712800), 4326)),
(8291, 2017, -76.53381100, 3.37791100, ST_SetSRID(ST_MakePoint(-76.53381100, 3.37791100), 4326)),
(26190, 2017, -76.49473600, 3.41720300, ST_SetSRID(ST_MakePoint(-76.49473600, 3.41720300), 4326)),
(8986, 2017, -76.52122500, 3.49051400, ST_SetSRID(ST_MakePoint(-76.52122500, 3.49051400), 4326)),
(30004, 2017, -76.52226700, 3.45041900, ST_SetSRID(ST_MakePoint(-76.52226700, 3.45041900), 4326)),
(30111, 2017, -76.53099200, 3.45546900, ST_SetSRID(ST_MakePoint(-76.53099200, 3.45546900), 4326)),
(30004, 2018, -76.52226700, 3.45041900, ST_SetSRID(ST_MakePoint(-76.52226700, 3.45041900), 4326)),
(31819, 2017, -76.48316700, 3.49816700, ST_SetSRID(ST_MakePoint(-76.48316700, 3.49816700), 4326)),
(31818, 2017, -76.30038600, 3.89963600, ST_SetSRID(ST_MakePoint(-76.30038600, 3.89963600), 4326)),
(31821, 2017, -76.54425000, 3.25706700, ST_SetSRID(ST_MakePoint(-76.54425000, 3.25706700), 4326)),
(8776, 2017, -76.50697200, 3.49625000, ST_SetSRID(ST_MakePoint(-76.50697200, 3.49625000), 4326)),
(8288, 2017, -76.53258100, 3.30533900, ST_SetSRID(ST_MakePoint(-76.53258100, 3.30533900), 4326)),
(8777, 2017, -76.48833300, 3.58083300, ST_SetSRID(ST_MakePoint(-76.48833300, 3.58083300), 4326)),
(31820, 2017, -76.51914200, 3.31893600, ST_SetSRID(ST_MakePoint(-76.51914200, 3.31893600), 4326)),
(8291, 2018, -76.53381100, 3.37791100, ST_SetSRID(ST_MakePoint(-76.53381100, 3.37791100), 4326)),
(31847, 2017, -76.49194400, 3.56388900, ST_SetSRID(ST_MakePoint(-76.49194400, 3.56388900), 4326)),
(30109, 2018, -76.54934700, 3.41538900, ST_SetSRID(ST_MakePoint(-76.54934700, 3.41538900), 4326)),
(30110, 2018, -76.46670000, 3.42838900, ST_SetSRID(ST_MakePoint(-76.46670000, 3.42838900), 4326)),
(8285, 2018, -76.50230300, 3.45712800, ST_SetSRID(ST_MakePoint(-76.50230300, 3.45712800), 4326)),
(26190, 2018, -76.49473600, 3.41720300, ST_SetSRID(ST_MakePoint(-76.49473600, 3.41720300), 4326)),
(8986, 2018, -76.52122500, 3.49051400, ST_SetSRID(ST_MakePoint(-76.52122500, 3.49051400), 4326)),
(30111, 2018, -76.53099200, 3.45546900, ST_SetSRID(ST_MakePoint(-76.53099200, 3.45546900), 4326)),
(8776, 2018, -76.50697200, 3.49625000, ST_SetSRID(ST_MakePoint(-76.50697200, 3.49625000), 4326)),
(8288, 2018, -76.53258100, 3.30533900, ST_SetSRID(ST_MakePoint(-76.53258100, 3.30533900), 4326)),
(8777, 2018, -76.48833300, 3.58083300, ST_SetSRID(ST_MakePoint(-76.48833300, 3.58083300), 4326)),
(8775, 2018, -76.30083300, 3.53750000, ST_SetSRID(ST_MakePoint(-76.30083300, 3.53750000), 4326)),
(8775, 2019, -76.30083300, 3.53750000, ST_SetSRID(ST_MakePoint(-76.30083300, 3.53750000), 4326)),
(8291, 2019, -76.53381100, 3.37791100, ST_SetSRID(ST_MakePoint(-76.53381100, 3.37791100), 4326)),
(8777, 2019, -76.48833300, 3.58083300, ST_SetSRID(ST_MakePoint(-76.48833300, 3.58083300), 4326)),
(31822, 2019, -76.19628600, 4.06617500, ST_SetSRID(ST_MakePoint(-76.19628600, 4.06617500), 4326)),
(30109, 2019, -76.54934700, 3.41538900, ST_SetSRID(ST_MakePoint(-76.54934700, 3.41538900), 4326)),
(31817, 2019, -76.30083300, 3.53750000, ST_SetSRID(ST_MakePoint(-76.30083300, 3.53750000), 4326)),
(30004, 2019, -76.51894411, 3.44757286, ST_SetSRID(ST_MakePoint(-76.51894411, 3.44757286), 4326)),
(31819, 2019, -76.48316700, 3.49816700, ST_SetSRID(ST_MakePoint(-76.48316700, 3.49816700), 4326)),
(30111, 2019, -76.53099200, 3.45546900, ST_SetSRID(ST_MakePoint(-76.53099200, 3.45546900), 4326)),
(30110, 2019, -76.46670000, 3.42838900, ST_SetSRID(ST_MakePoint(-76.46670000, 3.42838900), 4326)),
(8285, 2019, -76.50230300, 3.45712800, ST_SetSRID(ST_MakePoint(-76.50230300, 3.45712800), 4326)),
(8986, 2019, -76.52122500, 3.49051400, ST_SetSRID(ST_MakePoint(-76.52122500, 3.49051400), 4326)),
(31821, 2019, -76.54425000, 3.25706700, ST_SetSRID(ST_MakePoint(-76.54425000, 3.25706700), 4326)),
(31818, 2019, -76.30038600, 3.89963600, ST_SetSRID(ST_MakePoint(-76.30038600, 3.89963600), 4326)),
(8776, 2019, -76.50697200, 3.49625000, ST_SetSRID(ST_MakePoint(-76.50697200, 3.49625000), 4326)),
(8288, 2019, -76.53258100, 3.30533900, ST_SetSRID(ST_MakePoint(-76.53258100, 3.30533900), 4326)),
(31820, 2019, -76.51914200, 3.31893600, ST_SetSRID(ST_MakePoint(-76.51914200, 3.31893600), 4326)),
(30004, 2020, -76.50653900, 3.45731700, ST_SetSRID(ST_MakePoint(-76.50653900, 3.45731700), 4326)),
(8775, 2020, -76.30083333, 3.53750000, ST_SetSRID(ST_MakePoint(-76.30083333, 3.53750000), 4326)),
(8288, 2020, -76.53125200, 3.30451700, ST_SetSRID(ST_MakePoint(-76.53125200, 3.30451700), 4326)),
(30109, 2020, -76.54961300, 3.41636600, ST_SetSRID(ST_MakePoint(-76.54961300, 3.41636600), 4326)),
(8285, 2020, -76.50230300, 3.45712800, ST_SetSRID(ST_MakePoint(-76.50230300, 3.45712800), 4326)),
(31822, 2020, -76.19628600, 4.06617500, ST_SetSRID(ST_MakePoint(-76.19628600, 4.06617500), 4326)),
(31817, 2020, -76.30811100, 3.51050300, ST_SetSRID(ST_MakePoint(-76.30811100, 3.51050300), 4326)),
(30111, 2020, -76.53097800, 3.45551400, ST_SetSRID(ST_MakePoint(-76.53097800, 3.45551400), 4326)),
(8986, 2020, -76.51805800, 3.48821800, ST_SetSRID(ST_MakePoint(-76.51805800, 3.48821800), 4326)),
(31819, 2020, -76.48316700, 3.49816700, ST_SetSRID(ST_MakePoint(-76.48316700, 3.49816700), 4326)),
(30004, 2021, -76.50653900, 3.45731700, ST_SetSRID(ST_MakePoint(-76.50653900, 3.45731700), 4326)),
(26190, 2020, -76.49496000, 3.41718300, ST_SetSRID(ST_MakePoint(-76.49496000, 3.41718300), 4326)),
(30110, 2020, -76.46658400, 3.42826000, ST_SetSRID(ST_MakePoint(-76.46658400, 3.42826000), 4326)),
(31817, 2021, -76.30811100, 3.51050300, ST_SetSRID(ST_MakePoint(-76.30811100, 3.51050300), 4326)),
(31821, 2020, -76.54425000, 3.25706700, ST_SetSRID(ST_MakePoint(-76.54425000, 3.25706700), 4326)),
(8291, 2020, -76.53381100, 3.37791100, ST_SetSRID(ST_MakePoint(-76.53381100, 3.37791100), 4326)),
(8776, 2020, -76.50697200, 3.49625000, ST_SetSRID(ST_MakePoint(-76.50697200, 3.49625000), 4326)),
(31823, 2020, -76.34727800, 3.41147200, ST_SetSRID(ST_MakePoint(-76.34727800, 3.41147200), 4326)),
(31818, 2020, -76.30038600, 3.89963600, ST_SetSRID(ST_MakePoint(-76.30038600, 3.89963600), 4326)),
(31820, 2020, -76.52018300, 3.31675000, ST_SetSRID(ST_MakePoint(-76.52018300, 3.31675000), 4326)),
(31847, 2020, -76.49236100, 3.56527800, ST_SetSRID(ST_MakePoint(-76.49236100, 3.56527800), 4326)),
(31822, 2021, -76.19628600, 4.06617500, ST_SetSRID(ST_MakePoint(-76.19628600, 4.06617500), 4326)),
(31823, 2021, -76.34727800, 3.41147200, ST_SetSRID(ST_MakePoint(-76.34727800, 3.41147200), 4326)),
(8775, 2021, -76.30083333, 3.53750000, ST_SetSRID(ST_MakePoint(-76.30083333, 3.53750000), 4326)),
(8777, 2021, -76.48955800, 3.57907500, ST_SetSRID(ST_MakePoint(-76.48955800, 3.57907500), 4326)),
(31821, 2021, -76.54425000, 3.25706700, ST_SetSRID(ST_MakePoint(-76.54425000, 3.25706700), 4326)),
(8291, 2021, -76.53381100, 3.37791100, ST_SetSRID(ST_MakePoint(-76.53381100, 3.37791100), 4326)),
(8285, 2021, -76.50230300, 3.45712800, ST_SetSRID(ST_MakePoint(-76.50230300, 3.45712800), 4326)),
(30109, 2021, -76.54961300, 3.41636600, ST_SetSRID(ST_MakePoint(-76.54961300, 3.41636600), 4326)),
(8288, 2021, -76.53125200, 3.30451700, ST_SetSRID(ST_MakePoint(-76.53125200, 3.30451700), 4326)),
(30111, 2021, -76.53097800, 3.45551400, ST_SetSRID(ST_MakePoint(-76.53097800, 3.45551400), 4326)),
(8776, 2021, -76.50697200, 3.49625000, ST_SetSRID(ST_MakePoint(-76.50697200, 3.49625000), 4326)),
(30110, 2021, -76.46658400, 3.42826000, ST_SetSRID(ST_MakePoint(-76.46658400, 3.42826000), 4326)),
(8986, 2021, -76.51805800, 3.48821800, ST_SetSRID(ST_MakePoint(-76.51805800, 3.48821800), 4326)),
(8986, 2022, -76.51805800, 3.48821800, ST_SetSRID(ST_MakePoint(-76.51805800, 3.48821800), 4326)),
(8777, 2022, -76.48955800, 3.57907500, ST_SetSRID(ST_MakePoint(-76.48955800, 3.57907500), 4326)),
(8775, 2022, -76.30083333, 3.53750000, ST_SetSRID(ST_MakePoint(-76.30083333, 3.53750000), 4326)),
(8291, 2022, -76.53381100, 3.37791100, ST_SetSRID(ST_MakePoint(-76.53381100, 3.37791100), 4326)),
(31817, 2022, -76.30811100, 3.51050300, ST_SetSRID(ST_MakePoint(-76.30811100, 3.51050300), 4326)),
(31823, 2022, -76.34727800, 3.41147200, ST_SetSRID(ST_MakePoint(-76.34727800, 3.41147200), 4326)),
(8288, 2022, -76.53125200, 3.30451700, ST_SetSRID(ST_MakePoint(-76.53125200, 3.30451700), 4326)),
(31821, 2022, -76.54425000, 3.25706700, ST_SetSRID(ST_MakePoint(-76.54425000, 3.25706700), 4326)),
(30110, 2022, -76.46658400, 3.42826000, ST_SetSRID(ST_MakePoint(-76.46658400, 3.42826000), 4326)),
(30109, 2022, -76.54961300, 3.41636600, ST_SetSRID(ST_MakePoint(-76.54961300, 3.41636600), 4326)),
(31820, 2022, -76.52018300, 3.31675000, ST_SetSRID(ST_MakePoint(-76.52018300, 3.31675000), 4326)),
(8285, 2022, -76.50230300, 3.45712800, ST_SetSRID(ST_MakePoint(-76.50230300, 3.45712800), 4326)),
(30004, 2022, -76.50653900, 3.45731700, ST_SetSRID(ST_MakePoint(-76.50653900, 3.45731700), 4326)),
(31847, 2022, -76.49236100, 3.56527800, ST_SetSRID(ST_MakePoint(-76.49236100, 3.56527800), 4326)),
(31819, 2022, -76.48316700, 3.49816700, ST_SetSRID(ST_MakePoint(-76.48316700, 3.49816700), 4326)),
(30111, 2022, -76.53097800, 3.45551400, ST_SetSRID(ST_MakePoint(-76.53097800, 3.45551400), 4326)),
(26190, 2022, -76.49496000, 3.41718300, ST_SetSRID(ST_MakePoint(-76.49496000, 3.41718300), 4326)),
(31847, 2023, -76.49236100, 3.56527800, ST_SetSRID(ST_MakePoint(-76.49236100, 3.56527800), 4326)),
(31974, 2023, -75.91219400, 4.74825000, ST_SetSRID(ST_MakePoint(-75.91219400, 4.74825000), 4326)),
(31822, 2023, -76.19628600, 4.06617500, ST_SetSRID(ST_MakePoint(-76.19628600, 4.06617500), 4326)),
(31823, 2023, -76.34727800, 3.41147200, ST_SetSRID(ST_MakePoint(-76.34727800, 3.41147200), 4326)),
(8775, 2023, -76.30083333, 3.53750000, ST_SetSRID(ST_MakePoint(-76.30083333, 3.53750000), 4326)),
(8776, 2023, -76.50697200, 3.49625000, ST_SetSRID(ST_MakePoint(-76.50697200, 3.49625000), 4326)),
(8777, 2023, -76.48955800, 3.57907500, ST_SetSRID(ST_MakePoint(-76.48955800, 3.57907500), 4326)),
(31818, 2023, -76.30038600, 3.89963600, ST_SetSRID(ST_MakePoint(-76.30038600, 3.89963600), 4326)),
(31819, 2023, -76.48316700, 3.49816700, ST_SetSRID(ST_MakePoint(-76.48316700, 3.49816700), 4326)),
(31820, 2023, -76.52018300, 3.31675000, ST_SetSRID(ST_MakePoint(-76.52018300, 3.31675000), 4326)),
(31821, 2023, -76.54425000, 3.25706700, ST_SetSRID(ST_MakePoint(-76.54425000, 3.25706700), 4326)),
(31978, 2023, -76.30102500, 3.91103100, ST_SetSRID(ST_MakePoint(-76.30102500, 3.91103100), 4326)),
(31988, 2023, -76.07120800, 4.31985800, ST_SetSRID(ST_MakePoint(-76.07120800, 4.31985800), 4326)),
(8285, 2023, -76.50230300, 3.45712800, ST_SetSRID(ST_MakePoint(-76.50230300, 3.45712800), 4326)),
(8291, 2023, -76.53381100, 3.37791100, ST_SetSRID(ST_MakePoint(-76.53381100, 3.37791100), 4326));

INSERT INTO mediciones (id_estacion, id_exposicion, anio, promedio, mediana, percentil_98, maximo, minimo, excedencias_limite_actual, 
	porcentaje_excedencias, dias_excendecias, no_datos, representatividad_temporal, fecha_hora_maximo, fecha_hora_minimo) VALUES
(8986, 2, 2011, 26.0, 20.1, 80.6, 118.2, 0.3, 95, 2.02, 24, 4692, 54.0, '2011-08-06 17:00:00', '2011-08-06 17:00:00'),
(8986, 1, 2011, 26.1, 14.9, 114.0, 177.4, 0.0, 63, 1.33, 33, 4746, 54.0, '2011-05-10 14:00:00', '2011-05-10 14:00:00'),
(30004, 3, 2011, 21.7, 16.0, 74.0, 125.0, 1.0, 0, 0.0, 0, 6784, 77.0, '2011-05-10 10:00:00', '2011-05-10 10:00:00'),
(30004, 4, 2011, 22.1, 22.1, 46.0, 51.3, 1.9, 0, 0.0, 0, 274, 75.0, '2011-05-10 00:00:00', '2011-05-10 00:00:00'),
(8777, 6, 2011, 689.8, 664.0, 1134.6, 1387.2, 389.9, 0, 0.0, 0, 1441, 16.0, '2011-08-12 12:00:00', '2011-08-12 12:00:00'),
(8777, 5, 2011, 690.0, 641.1, 1331.9, 1797.5, 68.7, 0, 0.0, 0, 1453, 17.0, '2011-08-12 08:00:00', '2011-08-12 08:00:00'),
(8776, 8, 2011, 28.7, 27.3, 54.0, 74.2, 1.9, 2, 3.85, 2, 52, NULL, '2011-01-15 00:00:00', '2011-01-15 00:00:00'),
(30004, 9, 2011, 10.7, 8.6, 35.0, 232.0, 0.0, 0, 0.0, 0, 7425, 85.0, '2011-05-26 10:00:00', '2011-05-26 10:00:00'),
(30004, 11, 2011, 10.8, 10.3, 22.5, 27.5, 2.6, 0, 0.0, 0, 301, 82.0, '2011-06-28 00:00:00', '2011-06-28 00:00:00'),
(30004, 10, 2011, 10.8, 8.9, 33.6, 113.5, 0.2, 0, 0.0, 0, 7319, 84.0, '2011-05-26 11:00:00', '2011-05-26 11:00:00'),
(30018, 4, 2011, 40.4, 36.2, 95.9, 100.0, 7.6, 0, 0.0, 0, 47, 39.0, '2011-08-13 00:00:00', '2011-08-13 00:00:00'),
(30004, 5, 2011, 1176.6, 1110.5, 2722.5, 5266.5, 11.4, 0, 0.0, 0, 8261, 94.0, '2011-02-11 20:00:00', '2011-02-11 20:00:00'),
(30004, 6, 2011, 1188.2, 1196.4, 2126.6, 3557.7, 28.6, 0, 0.0, 0, 8143, 93.0, '2011-02-11 23:00:00', '2011-02-11 23:00:00'),
(31823, 4, 2011, 48.2, 49.1, 82.6, 93.5, 8.4, 0, 0.0, 0, 44, 36.0, '2011-09-27 00:00:00', '2011-09-27 00:00:00'),
(8986, 6, 2011, 1457.9, 1355.3, 3185.8, 3876.9, 19.1, 0, 0.0, 0, 4446, 51.0, '2011-01-06 01:00:00', '2011-01-06 01:00:00'),
(8986, 5, 2011, 1458.4, 1328.1, 3377.4, 5014.6, 11.4, 0, 0.0, 0, 4439, 51.0, '2011-01-05 19:00:00', '2011-01-05 19:00:00'),
(8775, 5, 2011, 1464.0, 1144.9, 4007.1, 8128.7, 114.5, 0, 0.0, 0, 2403, 27.0, '2011-07-28 14:00:00', '2011-07-28 14:00:00'),
(8777, 13, 2011, 45.6, 45.5, 66.6, 68.2, 24.4, 0, 0.0, 0, 61, 17.0, '2011-09-14 00:00:00', '2011-09-14 00:00:00'),
(8777, 12, 2011, 45.6, 32.5, 150.6, 335.3, 4.0, 5, 0.35, 4, 1446, 17.0, '2011-08-25 10:00:00', '2011-08-25 10:00:00'),
(8775, 6, 2011, 1504.7, 1187.8, 3745.3, 5075.6, 157.4, 0, 0.0, 0, 2223, 25.0, '2011-07-28 19:00:00', '2011-07-28 19:00:00'),
(8775, 4, 2011, 59.0, 58.3, 92.0, 96.4, 18.4, 0, 0.0, 0, 208, 57.0, '2011-02-22 00:00:00', '2011-02-22 00:00:00'),
(8775, 3, 2011, 59.2, 56.4, 124.6, 210.7, 1.8, 0, 0.0, 0, 4954, 57.0, '2011-01-21 18:00:00', '2011-01-21 18:00:00'),
(8776, 4, 2011, 64.2, 67.4, 95.1, 107.4, 18.9, 2, 2.38, 2, 84, NULL, '2011-07-20 00:00:00', '2011-07-20 00:00:00'),
(8777, 11, 2011, 43.1, 44.9, 76.7, 78.3, 3.7, 0, 0.0, 0, 61, 17.0, '2011-09-14 00:00:00', '2011-09-14 00:00:00'),
(8777, 10, 2011, 43.1, 23.9, 202.4, 294.8, 0.2, 0, 0.0, 0, 1449, 17.0, '2011-08-09 15:00:00', '2011-08-09 15:00:00'),
(8777, 9, 2011, 43.1, 16.2, 243.2, 442.7, 0.1, 0, 0.0, 0, 1457, 17.0, '2011-08-18 11:00:00', '2011-08-18 11:00:00'),
(31823, 4, 2012, 67.0, 67.2, 108.4, 116.3, 17.0, 8, 9.76, 8, 82, 67.0, '2012-02-24 00:00:00', '2012-02-24 00:00:00'),
(8775, 1, 2012, 22.0, 12.6, 86.0, 145.9, 0.0, 2, 0.1, 1, 2097, 24.0, '2012-09-19 12:00:00', '2012-09-19 12:00:00'),
(8775, 2, 2012, 22.0, 16.2, 65.7, 88.2, 1.3, 3, 0.14, 1, 2105, 24.0, '2012-07-19 18:00:00', '2012-07-19 18:00:00'),
(30004, 5, 2012, 1486.4, 1488.3, 3045.4, 4350.5, 11.4, 0, 0.0, 0, 4225, 48.0, '2012-04-19 08:00:00', '2012-04-19 08:00:00'),
(8986, 5, 2012, 1486.5, 1511.2, 3045.4, 4247.5, 137.4, 0, 0.0, 0, 1522, 17.0, '2012-10-20 21:00:00', '2012-10-20 21:00:00'),
(8776, 8, 2012, 24.3, 23.8, 39.3, 44.9, 0.5, 0, 0.0, 0, 85, NULL, '2012-08-28 00:00:00', '2012-08-28 00:00:00'),
(30004, 6, 2012, 1492.7, 1559.9, 2626.1, 3076.9, 85.9, 0, 0.0, 0, 4180, 48.0, '2012-04-22 01:00:00', '2012-04-22 01:00:00'),
(8986, 3, 2012, 32.3, 27.5, 97.3, 197.3, 0.1, 0, 0.0, 0, 4065, 46.0, '2012-05-01 19:00:00', '2012-05-01 19:00:00'),
(30004, 3, 2012, 32.4, 28.0, 93.0, 217.0, 1.0, 0, 0.0, 0, 3726, 42.0, '2012-10-12 16:00:00', '2012-10-12 16:00:00'),
(30004, 4, 2012, 33.0, 31.7, 61.1, 82.2, 4.5, 0, 0.0, 0, 153, 42.0, '2012-09-01 00:00:00', '2012-09-01 00:00:00'),
(8776, 4, 2012, 77.1, 72.9, 131.3, 141.6, 16.1, 19, 20.0, 19, 95, NULL, '2012-06-06 00:00:00', '2012-06-06 00:00:00'),
(8986, 4, 2012, 33.4, 30.8, 69.5, 75.0, 3.9, 0, 0.0, 0, 143, 39.0, '2012-09-01 00:00:00', '2012-09-01 00:00:00'),
(30018, 4, 2012, 41.8, 33.3, 78.8, 508.3, 5.9, 1, 1.03, 1, 97, 80.0, '2012-12-08 00:00:00', '2012-12-08 00:00:00'),
(8775, 4, 2012, 46.0, 45.8, 80.6, 95.9, 14.7, 0, 0.0, 0, 188, 51.0, '2012-09-21 00:00:00', '2012-09-21 00:00:00'),
(8775, 3, 2012, 46.3, 44.5, 94.7, 200.6, 0.1, 0, 0.0, 0, 4599, 52.0, '2012-09-21 18:00:00', '2012-09-21 18:00:00'),
(8986, 10, 2012, 50.3, 45.7, 188.4, 303.7, 2.0, 0, 0.0, 0, 4387, 50.0, '2012-02-06 18:00:00', '2012-02-06 18:00:00'),
(8986, 11, 2012, 50.4, 48.8, 180.5, 232.4, 6.2, 0, 0.0, 0, 179, 49.0, '2012-01-16 00:00:00', '2012-01-16 00:00:00'),
(8986, 9, 2012, 50.9, 45.4, 193.0, 447.8, 0.4, 0, 0.0, 0, 4443, 51.0, '2012-02-06 17:00:00', '2012-02-06 17:00:00'),
(8986, 6, 2012, 1485.8, 1601.4, 2590.8, 3189.9, 227.5, 0, 0.0, 0, 1507, 17.0, '2012-09-29 02:00:00', '2012-09-29 02:00:00'),
(8285, 7, 2014, 18.7, 17.0, 49.0, 257.0, 1.0, 0, 0.0, 0, 6024, 69.0, '2014-08-29 01:00:00', '2014-08-29 01:00:00'),
(8285, 8, 2014, 18.8, 18.6, 30.7, 50.8, 6.4, 1, 0.4, 1, 250, 68.0, '2014-08-29 00:00:00', '2014-08-29 00:00:00'),
(8291, 12, 2013, 15.4, 13.4, 39.2, 72.6, 0.0, 0, 0.0, 0, 5392, 62.0, '2013-03-15 19:00:00', '2013-03-15 19:00:00'),
(8291, 13, 2013, 15.5, 15.7, 22.4, 27.1, 4.1, 0, 0.0, 0, 213, 58.0, '2013-03-04 00:00:00', '2013-03-04 00:00:00'),
(8291, 7, 2013, 14.2, 12.7, 36.7, 72.6, 0.6, 0, 0.0, 0, 6428, 73.0, '2013-03-15 19:00:00', '2013-03-15 19:00:00'),
(8291, 8, 2013, 14.4, 14.4, 22.3, 27.1, 5.2, 0, 0.0, 0, 261, 72.0, '2013-03-04 00:00:00', '2013-03-04 00:00:00'),
(8285, 8, 2013, 15.8, 15.2, 24.9, 28.8, 7.5, 0, 0.0, 0, 142, 39.0, '2013-07-16 00:00:00', '2013-07-16 00:00:00'),
(8285, 7, 2013, 15.8, 14.0, 43.0, 81.0, 1.0, 0, 0.0, 0, 3372, 38.0, '2013-12-17 01:00:00', '2013-12-17 01:00:00'),
(8776, 7, 2013, 24.9, 22.7, 42.6, 86.5, 5.5, 0, 0.0, 0, 2710, 31.0, '2013-07-04 20:00:00', '2013-07-04 20:00:00'),
(8776, 8, 2013, 25.0, 23.0, 42.3, 74.7, 11.1, 1, 0.94, 1, 106, 29.0, '2013-07-04 00:00:00', '2013-07-04 00:00:00'),
(8288, 2, 2013, 30.2, 21.1, 91.8, 117.3, 0.1, 179, 5.93, 47, 3019, 34.0, '2013-12-11 18:00:00', '2013-12-11 18:00:00'),
(30018, 4, 2013, 28.7, 22.7, 97.5, 167.0, 1.3, 1, 1.64, 1, 61, 50.0, '2013-08-29 00:00:00', '2013-08-29 00:00:00'),
(8986, 4, 2013, 29.2, 29.4, 58.8, 70.2, 4.5, 0, 0.0, 0, 296, 81.0, '2013-12-11 00:00:00', '2013-12-11 00:00:00'),
(8288, 1, 2013, 30.4, 15.7, 121.3, 212.7, 0.0, 64, 2.1, 34, 3047, 35.0, '2013-12-24 16:00:00', '2013-12-24 16:00:00'),
(8986, 3, 2013, 29.8, 25.4, 87.3, 183.3, 0.3, 0, 0.0, 0, 7288, 83.0, '2013-05-04 07:00:00', '2013-05-04 07:00:00'),
(8288, 3, 2013, 33.2, 32.0, 72.0, 123.0, 1.0, 0, 0.0, 0, 5048, 58.0, '2013-05-10 16:00:00', '2013-05-10 16:00:00'),
(8288, 4, 2013, 33.2, 33.0, 54.8, 59.9, 10.5, 0, 0.0, 0, 196, 54.0, '2013-09-20 00:00:00', '2013-09-20 00:00:00'),
(31823, 4, 2013, 39.4, 34.6, 73.2, 86.0, 6.9, 0, 0.0, 0, 95, 26.0, '2013-09-25 00:00:00', '2013-09-25 00:00:00'),
(8291, 2, 2013, 41.8, 30.7, 112.5, 137.0, 2.1, 853, 15.05, 156, 5667, 65.0, '2013-09-05 17:00:00', '2013-09-05 17:00:00'),
(8291, 1, 2013, 41.9, 23.4, 154.6, 224.6, 1.1, 432, 7.59, 152, 5693, 65.0, '2013-08-23 15:00:00', '2013-08-23 15:00:00'),
(8776, 3, 2013, 81.9, 78.2, 138.7, 222.0, 5.5, 0, 0.0, 0, 2751, 31.0, '2013-07-04 21:00:00', '2013-07-04 21:00:00'),
(8776, 4, 2013, 82.9, 78.3, 138.9, 196.6, 37.1, 24, 22.64, 24, 106, 29.0, '2013-07-04 00:00:00', '2013-07-04 00:00:00'),
(8775, 12, 2014, 9.5, 9.1, 18.8, 25.4, 2.7, 0, 0.0, 0, 563, 6.0, '2014-08-29 18:00:00', '2014-08-29 18:00:00'),
(8775, 13, 2014, 9.6, 10.1, 12.0, 12.4, 6.0, 0, 0.0, 0, 23, 6.0, '2014-08-29 00:00:00', '2014-08-29 00:00:00'),
(8777, 13, 2014, 12.9, 12.8, 17.2, 17.4, 6.9, 0, 0.0, 0, 29, 8.0, '2014-08-15 00:00:00', '2014-08-15 00:00:00'),
(8777, 12, 2014, 13.0, 11.4, 34.3, 47.4, 1.5, 0, 0.0, 0, 705, 8.0, '2014-08-31 09:00:00', '2014-08-31 09:00:00'),
(8291, 12, 2014, 13.0, 10.3, 43.5, 102.1, 0.0, 0, 0.0, 0, 5903, 67.0, '2014-02-06 20:00:00', '2014-02-06 20:00:00'),
(8291, 13, 2014, 13.5, 13.2, 24.6, 37.3, 2.8, 0, 0.0, 0, 228, 62.0, '2014-02-06 00:00:00', '2014-02-06 00:00:00'),
(8285, 8, 2015, 19.2, 17.0, 35.0, 40.4, 6.4, 0, 0.0, 0, 76, 21.0, '2015-12-19 00:00:00', '2015-12-19 00:00:00'),
(8291, 7, 2014, 15.5, 14.0, 38.0, 617.0, 1.0, 0, 0.0, 0, 7901, 90.0, '2014-08-29 06:00:00', '2014-08-29 06:00:00'),
(8291, 8, 2014, 15.7, 15.2, 25.9, 71.2, 5.6, 1, 0.31, 1, 319, 87.0, '2014-08-29 00:00:00', '2014-08-29 00:00:00'),
(30110, 7, 2014, 17.1, 15.0, 43.3, 95.0, 1.0, 0, 0.0, 0, 6137, 70.0, '2014-08-29 01:00:00', '2014-08-29 01:00:00'),
(30110, 8, 2014, 17.2, 17.1, 28.3, 36.1, 5.8, 0, 0.0, 0, 248, 68.0, '2014-09-19 00:00:00', '2014-09-19 00:00:00'),
(26190, 8, 2014, 22.3, 22.8, 30.2, 32.4, 11.4, 0, 0.0, 0, 52, 1.0, '2014-07-11 00:00:00', '2014-07-11 00:00:00'),
(8285, 11, 2014, 4.8, 4.4, 12.4, 15.4, 0.8, 0, 0.0, 0, 195, 53.0, '2014-07-17 00:00:00', '2014-07-17 00:00:00'),
(8285, 10, 2014, 4.8, 3.5, 16.5, 35.5, 0.3, 0, 0.0, 0, 4722, 54.0, '2014-10-21 10:00:00', '2014-10-21 10:00:00'),
(8285, 9, 2014, 4.8, 3.4, 17.8, 56.6, 0.3, 0, 0.0, 0, 4864, 56.0, '2014-09-05 09:00:00', '2014-09-05 09:00:00'),
(30004, 4, 2014, 25.3, 23.6, 52.6, 60.2, 2.9, 0, 0.0, 0, 163, 45.0, '2014-06-06 00:00:00', '2014-06-06 00:00:00'),
(8776, 8, 2014, 25.6, 25.2, 38.4, 44.6, 12.4, 0, 0.0, 0, 238, 65.0, '2014-02-07 00:00:00', '2014-02-07 00:00:00'),
(8776, 7, 2014, 25.7, 25.3, 40.0, 47.8, 10.1, 0, 0.0, 0, 6139, 70.0, '2014-08-29 21:00:00', '2014-08-29 21:00:00'),
(30004, 3, 2014, 26.1, 20.7, 87.7, 188.1, 0.3, 0, 0.0, 0, 4368, 50.0, '2014-03-30 01:00:00', '2014-03-30 01:00:00'),
(8777, 6, 2014, 721.7, 733.5, 1225.4, 1405.0, 70.0, 0, 0.0, 0, 1484, 17.0, '2014-08-31 09:00:00', '2014-08-31 09:00:00'),
(8777, 5, 2014, 722.4, 720.0, 1347.1, 1891.8, 44.8, 0, 0.0, 0, 1485, 17.0, '2014-07-02 13:00:00', '2014-07-02 13:00:00'),
(8288, 4, 2014, 31.5, 31.2, 55.4, 69.0, 6.5, 0, 0.0, 0, 310, 85.0, '2014-08-22 00:00:00', '2014-08-22 00:00:00'),
(8288, 3, 2014, 31.6, 29.0, 73.0, 244.0, 1.0, 0, 0.0, 0, 7585, 87.0, '2014-09-12 16:00:00', '2014-09-12 16:00:00'),
(30110, 2, 2014, 32.3, 25.2, 83.6, 104.2, 0.2, 178, 3.0, 60, 5932, 68.0, '2014-07-07 18:00:00', '2014-07-07 18:00:00'),
(30110, 1, 2014, 32.5, 17.9, 108.7, 161.9, 0.0, 44, 0.73, 33, 5993, 68.0, '2014-07-07 16:00:00', '2014-07-07 16:00:00'),
(8285, 1, 2014, 33.4, 13.1, 133.8, 191.3, 0.2, 179, 4.02, 87, 4457, 51.0, '2014-12-29 14:00:00', '2014-12-29 14:00:00'),
(8285, 2, 2014, 33.4, 22.7, 98.4, 137.5, 0.4, 436, 9.76, 107, 4465, 51.0, '2014-11-14 17:00:00', '2014-11-14 17:00:00'),
(30109, 3, 2014, 38.0, 35.6, 88.0, 183.2, 0.2, 0, 0.0, 0, 4473, 51.0, '2014-08-31 19:00:00', '2014-08-31 19:00:00'),
(30109, 4, 2014, 38.0, 39.0, 55.6, 60.6, 17.9, 0, 0.0, 0, 187, 51.0, '2014-08-31 00:00:00', '2014-08-31 00:00:00'),
(30111, 11, 2014, 11.1, 8.5, 26.0, 40.3, 3.4, 0, 0.0, 0, 175, 48.0, '2014-12-11 00:00:00', '2014-12-11 00:00:00'),
(30111, 10, 2014, 11.1, 7.3, 40.3, 81.5, 0.2, 0, 0.0, 0, 4173, 48.0, '2014-10-22 10:00:00', '2014-10-22 10:00:00'),
(30111, 9, 2014, 11.1, 6.9, 43.7, 157.5, 0.1, 0, 0.0, 0, 4191, 48.0, '2014-07-28 09:00:00', '2014-07-28 09:00:00'),
(30111, 3, 2014, 45.6, 41.8, 110.3, 260.8, 0.5, 0, 0.0, 0, 7681, 88.0, '2014-07-16 01:00:00', '2014-07-16 01:00:00'),
(30111, 4, 2014, 45.6, 45.6, 68.2, 80.6, 15.4, 0, 0.0, 0, 322, 88.0, '2014-10-02 00:00:00', '2014-10-02 00:00:00'),
(8777, 1, 2014, 40.4, 35.2, 130.6, 186.6, 2.6, 43, 2.92, 19, 1475, 17.0, '2014-07-11 15:00:00', '2014-07-11 15:00:00'),
(8777, 2, 2014, 40.4, 36.2, 102.2, 150.0, 4.3, 95, 6.48, 18, 1466, 17.0, '2014-07-11 19:00:00', '2014-07-11 19:00:00'),
(8986, 3, 2014, 49.1, 45.0, 118.0, 211.0, 2.0, 0, 0.0, 0, 7755, 89.0, '2014-01-19 01:00:00', '2014-01-19 01:00:00'),
(8986, 4, 2014, 49.1, 49.4, 76.3, 90.8, 13.6, 0, 0.0, 0, 317, 87.0, '2014-08-01 00:00:00', '2014-08-01 00:00:00'),
(8291, 1, 2014, 41.9, 23.3, 150.6, 246.1, 0.0, 501, 7.78, 184, 6436, 73.0, '2014-06-11 13:00:00', '2014-06-11 13:00:00'),
(8291, 2, 2014, 41.9, 31.0, 110.7, 141.7, 0.1, 942, 14.69, 182, 6412, 73.0, '2014-10-01 17:00:00', '2014-10-01 17:00:00'),
(8288, 2, 2014, 45.3, 39.1, 112.1, 144.5, 0.0, 799, 16.45, 152, 4857, 55.0, '2014-09-04 18:00:00', '2014-09-04 18:00:00'),
(8776, 3, 2014, 63.3, 62.1, 98.7, 117.0, 19.9, 0, 0.0, 0, 6139, 70.0, '2014-02-07 19:00:00', '2014-02-07 19:00:00'),
(8776, 4, 2014, 63.3, 60.6, 94.0, 109.5, 29.2, 4, 1.68, 4, 238, 65.0, '2014-02-07 00:00:00', '2014-02-07 00:00:00'),
(8288, 1, 2014, 46.2, 31.4, 140.4, 201.1, 0.0, 275, 5.53, 105, 4974, 57.0, '2014-12-02 15:00:00', '2014-12-02 15:00:00'),
(8777, 8, 2020, 10.8, 10.7, 17.0, 20.7, 4.5, 0, 0.0, 0, 184, 50.0, '2020-10-24 12:00:00', '2020-10-24 12:00:00'),
(8291, 12, 2015, 18.1, 16.1, 46.7, 85.9, 0.0, 0, 0.0, 0, 6982, 80.0, '2015-09-14 09:00:00', '2015-09-14 09:00:00'),
(8291, 13, 2015, 18.3, 18.4, 28.2, 33.5, 7.8, 0, 0.0, 0, 275, 75.0, '2015-12-03 00:00:00', '2015-12-03 00:00:00'),
(8285, 7, 2015, 19.5, 17.0, 53.0, 158.0, 1.0, 0, 0.0, 0, 1861, 21.0, '2015-01-01 01:00:00', '2015-01-01 01:00:00'),
(8291, 7, 2015, 17.7, 17.0, 41.0, 76.0, 1.0, 0, 0.0, 0, 7355, 84.0, '2015-04-17 20:00:00', '2015-04-17 20:00:00'),
(8291, 8, 2015, 17.8, 17.2, 30.7, 38.6, 5.7, 0, 0.0, 0, 290, 79.0, '2015-09-16 00:00:00', '2015-09-16 00:00:00'),
(30110, 7, 2015, 17.9, 17.0, 43.0, 121.0, 1.0, 0, 0.0, 0, 4549, 52.0, '2015-01-01 01:00:00', '2015-01-01 01:00:00'),
(30110, 8, 2015, 18.0, 17.6, 29.9, 34.0, 7.8, 0, 0.0, 0, 186, 51.0, '2015-09-15 00:00:00', '2015-09-15 00:00:00'),
(30109, 10, 2015, 4.6, 2.8, 16.3, 42.7, 1.2, 0, 0.0, 0, 735, 8.0, '2015-12-23 12:00:00', '2015-12-23 12:00:00'),
(26190, 8, 2015, 23.0, 23.0, 37.7, 48.6, 11.4, 0, 0.0, 0, 61, 1.0, '2015-08-23 00:00:00', '2015-08-23 00:00:00'),
(30109, 11, 2015, 4.7, 4.4, 9.1, 10.0, 2.9, 0, 0.0, 0, 31, 8.0, '2015-12-04 00:00:00', '2015-12-04 00:00:00'),
(30109, 9, 2015, 4.7, 2.7, 17.9, 86.8, 1.1, 0, 0.0, 0, 741, 8.0, '2015-12-11 12:00:00', '2015-12-11 12:00:00'),
(8776, 8, 2015, 23.9, 24.9, 33.7, 35.6, 11.5, 0, 0.0, 0, 90, 25.0, '2015-12-05 00:00:00', '2015-12-05 00:00:00'),
(8776, 7, 2015, 24.0, 22.2, 53.8, 125.6, 0.5, 0, 0.0, 0, 2124, 24.0, '2015-11-22 01:00:00', '2015-11-22 01:00:00'),
(8285, 9, 2015, 5.6, 3.7, 23.4, 56.6, 0.0, 0, 0.0, 0, 1512, 17.0, '2015-12-17 14:00:00', '2015-12-17 14:00:00'),
(8285, 10, 2015, 5.8, 4.1, 20.6, 34.1, 0.0, 0, 0.0, 0, 1391, 16.0, '2015-12-27 12:00:00', '2015-12-27 12:00:00'),
(8285, 11, 2015, 5.9, 5.5, 9.6, 11.5, 2.5, 0, 0.0, 0, 50, 14.0, '2015-01-28 00:00:00', '2015-01-28 00:00:00'),
(8285, 1, 2015, 30.1, 11.0, 131.3, 181.9, 0.8, 58, 3.48, 28, 1666, 19.0, '2015-01-29 15:00:00', '2015-01-29 15:00:00'),
(8285, 2, 2015, 30.2, 18.4, 90.7, 108.7, 1.5, 91, 5.49, 25, 1659, 19.0, '2015-01-07 17:00:00', '2015-01-07 17:00:00'),
(8288, 4, 2015, 34.5, 33.5, 63.4, 82.9, 5.7, 0, 0.0, 0, 323, 88.0, '2015-08-30 00:00:00', '2015-08-30 00:00:00'),
(8288, 3, 2015, 34.6, 32.0, 80.5, 163.0, 1.0, 0, 0.0, 0, 7876, 90.0, '2015-04-12 23:00:00', '2015-04-12 23:00:00'),
(30109, 3, 2015, 39.2, 37.0, 87.8, 201.6, 0.4, 0, 0.0, 0, 8691, 99.0, '2015-03-18 17:00:00', '2015-03-18 17:00:00'),
(30109, 4, 2015, 39.2, 39.1, 57.8, 72.5, 16.2, 0, 0.0, 0, 365, 100.0, '2015-12-04 00:00:00', '2015-12-04 00:00:00'),
(8986, 3, 2015, 41.7, 38.0, 101.2, 226.0, 0.1, 0, 0.0, 0, 7028, 80.0, '2015-01-29 00:00:00', '2015-01-29 00:00:00'),
(8986, 4, 2015, 41.8, 42.0, 62.6, 73.9, 13.3, 0, 0.0, 0, 290, 79.0, '2015-01-28 00:00:00', '2015-01-28 00:00:00'),
(30111, 10, 2015, 14.9, 13.4, 43.5, 89.2, 0.4, 0, 0.0, 0, 2063, 24.0, '2015-12-03 11:00:00', '2015-12-03 11:00:00'),
(30111, 9, 2015, 14.9, 12.4, 49.5, 136.8, 0.2, 0, 0.0, 0, 2077, 24.0, '2015-12-19 09:00:00', '2015-12-19 09:00:00'),
(30110, 1, 2015, 38.3, 24.0, 121.5, 165.5, 1.4, 88, 2.17, 47, 4051, 46.0, '2015-05-14 15:00:00', '2015-05-14 15:00:00'),
(30110, 2, 2015, 38.3, 30.6, 94.2, 120.4, 3.6, 252, 6.26, 69, 4028, 46.0, '2015-09-14 17:00:00', '2015-09-14 17:00:00'),
(30111, 11, 2015, 15.0, 16.1, 28.1, 34.5, 3.4, 0, 0.0, 0, 86, 24.0, '2015-02-05 00:00:00', '2015-02-05 00:00:00'),
(30004, 4, 2015, 46.8, 47.4, 68.2, 76.3, 17.9, 0, 0.0, 0, 218, 60.0, '2015-12-03 00:00:00', '2015-12-03 00:00:00'),
(30004, 3, 2015, 46.9, 43.6, 112.4, 203.5, 0.1, 0, 0.0, 0, 5233, 60.0, '2015-12-19 09:00:00', '2015-12-19 09:00:00'),
(30111, 3, 2015, 46.9, 43.4, 107.8, 174.8, 0.4, 0, 0.0, 0, 7077, 81.0, '2015-07-15 06:00:00', '2015-07-15 06:00:00'),
(30111, 4, 2015, 47.0, 47.0, 65.9, 74.1, 19.6, 0, 0.0, 0, 295, 81.0, '2015-07-15 00:00:00', '2015-07-15 00:00:00'),
(26190, 3, 2015, 50.5, 47.0, 109.1, 186.0, 1.0, 0, 0.0, 0, 3445, 39.0, '2015-08-30 23:00:00', '2015-08-30 23:00:00'),
(26190, 4, 2015, 50.7, 50.5, 79.6, 87.0, 19.9, 0, 0.0, 0, 134, 37.0, '2015-07-04 00:00:00', '2015-07-04 00:00:00'),
(8291, 2, 2015, 42.4, 31.4, 113.7, 145.7, 0.5, 1024, 15.16, 207, 6755, 77.0, '2015-09-12 17:00:00', '2015-09-12 17:00:00'),
(8291, 1, 2015, 42.7, 24.0, 154.6, 218.8, 0.1, 532, 7.8, 200, 6818, 78.0, '2015-03-27 16:00:00', '2015-03-27 16:00:00'),
(30110, 4, 2015, 58.0, 58.4, 85.1, 99.1, 24.8, 0, 0.0, 0, 127, 35.0, '2015-12-03 00:00:00', '2015-12-03 00:00:00'),
(30110, 3, 2015, 58.1, 55.0, 118.0, 187.0, 6.0, 0, 0.0, 0, 3113, 36.0, '2015-09-14 08:00:00', '2015-09-14 08:00:00'),
(8776, 4, 2015, 79.6, 72.7, 182.3, 190.2, 21.7, 19, 21.11, 19, 90, 25.0, '2015-11-10 00:00:00', '2015-11-10 00:00:00'),
(8776, 3, 2015, 79.9, 64.5, 253.6, 570.4, 3.2, 0, 0.0, 0, 2135, 24.0, '2015-11-10 18:00:00', '2015-11-10 18:00:00'),
(8288, 1, 2015, 51.2, 32.6, 151.5, 207.4, 1.2, 610, 8.97, 191, 6797, 78.0, '2015-05-20 15:00:00', '2015-05-20 15:00:00'),
(8288, 2, 2015, 51.2, 42.6, 121.2, 145.7, 3.6, 1509, 22.24, 243, 6785, 77.0, '2015-09-21 17:00:00', '2015-09-21 17:00:00'),
(8291, 12, 2016, 13.4, 11.2, 40.1, 65.8, 0.0, 0, 0.0, 0, 3483, 40.0, '2016-10-14 21:00:00', '2016-10-14 21:00:00'),
(8291, 13, 2016, 13.5, 12.8, 21.4, 22.8, 4.7, 0, 0.0, 0, 138, 38.0, '2016-02-09 00:00:00', '2016-02-09 00:00:00'),
(30004, 1, 2016, 18.4, 7.7, 86.8, 129.2, 2.2, 1, 0.07, 1, 1452, 17.0, '2016-12-23 14:00:00', '2016-12-23 14:00:00'),
(30004, 2, 2016, 18.4, 11.7, 56.8, 69.3, 2.7, 0, 0.0, 0, 1442, 16.0, '2016-11-22 16:00:00', '2016-11-22 16:00:00'),
(8291, 7, 2016, 14.7, 13.0, 36.0, 113.0, 1.0, 0, 0.0, 0, 6713, 76.0, '2016-02-29 00:00:00', '2016-02-29 00:00:00'),
(30110, 7, 2016, 15.1, 14.0, 37.0, 115.0, 1.0, 0, 0.0, 0, 6749, 77.0, '2016-01-01 01:00:00', '2016-01-01 01:00:00'),
(30110, 8, 2016, 15.2, 15.0, 24.1, 32.7, 4.6, 0, 0.0, 0, 268, 73.0, '2016-08-23 00:00:00', '2016-08-23 00:00:00'),
(8291, 8, 2016, 15.2, 15.6, 24.7, 31.5, 4.0, 0, 0.0, 0, 259, 71.0, '2016-02-06 00:00:00', '2016-02-06 00:00:00'),
(8986, 1, 2016, 20.9, 13.6, 91.1, 111.0, 0.7, 0, 0.0, 0, 1455, 17.0, '2016-11-30 14:00:00', '2016-11-30 14:00:00'),
(8986, 2, 2016, 20.9, 16.3, 60.6, 72.7, 0.9, 0, 0.0, 0, 1448, 16.0, '2016-11-30 18:00:00', '2016-11-30 18:00:00'),
(26190, 8, 2016, 16.1, 15.4, 24.5, 24.6, 7.4, 0, 0.0, 0, 41, 0.0, '2016-12-21 00:00:00', '2016-12-21 00:00:00'),
(8285, 1, 2016, 22.5, 12.3, 87.0, 126.7, 0.0, 2, 0.05, 2, 3777, 43.0, '2016-09-20 14:00:00', '2016-09-20 14:00:00'),
(8285, 9, 2016, 6.6, 4.8, 22.7, 40.4, 0.0, 0, 0.0, 0, 3023, 34.0, '2016-07-21 10:00:00', '2016-07-21 10:00:00'),
(8285, 2, 2016, 22.6, 16.9, 66.2, 88.0, 0.8, 5, 0.14, 3, 3687, 42.0, '2016-09-20 17:00:00', '2016-09-20 17:00:00'),
(8285, 11, 2016, 6.8, 6.7, 12.1, 14.1, 1.2, 0, 0.0, 0, 107, 29.0, '2016-02-16 00:00:00', '2016-02-16 00:00:00'),
(8285, 10, 2016, 6.9, 5.4, 21.6, 32.3, 0.1, 0, 0.0, 0, 2778, 32.0, '2016-07-21 11:00:00', '2016-07-21 11:00:00'),
(30109, 9, 2016, 3.2, 2.2, 13.3, 186.7, 0.0, 0, 0.0, 0, 6482, 74.0, '2016-04-20 11:00:00', '2016-04-20 11:00:00'),
(30109, 11, 2016, 3.3, 3.1, 9.0, 12.7, 0.1, 0, 0.0, 0, 252, 69.0, '2016-03-02 00:00:00', '2016-03-02 00:00:00'),
(30109, 10, 2016, 3.3, 2.3, 13.0, 69.2, 0.0, 0, 0.0, 0, 6158, 70.0, '2016-04-20 11:00:00', '2016-04-20 11:00:00'),
(8285, 7, 2016, 23.9, 22.0, 56.0, 119.0, 1.0, 0, 0.0, 0, 4484, 51.0, '2016-01-01 01:00:00', '2016-01-01 01:00:00'),
(8285, 8, 2016, 24.0, 23.7, 34.1, 37.5, 9.4, 0, 0.0, 0, 183, 50.0, '2016-07-26 00:00:00', '2016-07-26 00:00:00'),
(30110, 1, 2016, 28.6, 14.2, 103.4, 150.7, 0.5, 42, 0.57, 30, 7351, 84.0, '2016-10-27 15:00:00', '2016-10-27 15:00:00'),
(30110, 2, 2016, 28.6, 21.0, 79.9, 113.8, 1.0, 128, 1.75, 44, 7298, 83.0, '2016-08-20 18:00:00', '2016-08-20 18:00:00'),
(8776, 8, 2016, 26.7, 25.5, 46.7, 84.2, 7.4, 4, 1.52, 4, 263, 72.0, '2016-10-02 00:00:00', '2016-10-02 00:00:00'),
(8776, 7, 2016, 27.1, 24.5, 63.7, 228.4, 0.1, 0, 0.0, 0, 6367, 72.0, '2016-03-31 17:00:00', '2016-03-31 17:00:00'),
(30111, 11, 2016, 6.0, 5.0, 16.9, 28.0, 0.5, 0, 0.0, 0, 349, 95.0, '2016-05-03 00:00:00', '2016-05-03 00:00:00'),
(30111, 10, 2016, 6.0, 4.0, 23.2, 103.4, 0.1, 0, 0.0, 0, 8321, 95.0, '2016-05-03 09:00:00', '2016-05-03 09:00:00'),
(30111, 9, 2016, 6.0, 3.9, 23.4, 276.7, 0.0, 0, 0.0, 0, 8375, 95.0, '2016-04-23 09:00:00', '2016-04-23 09:00:00'),
(8288, 2, 2016, 31.7, 22.9, 98.2, 135.4, 2.1, 522, 6.88, 115, 7590, 86.0, '2016-07-07 18:00:00', '2016-07-07 18:00:00'),
(8288, 1, 2016, 31.8, 15.2, 122.7, 193.2, 1.8, 173, 2.27, 78, 7622, 87.0, '2016-11-02 15:00:00', '2016-11-02 15:00:00'),
(8986, 4, 2016, 33.2, 34.5, 56.1, 68.9, 9.5, 0, 0.0, 0, 353, 96.0, '2016-01-19 00:00:00', '2016-01-19 00:00:00'),
(8777, 4, 2016, 33.4, 34.9, 54.4, 65.6, 2.8, 0, 0.0, 0, 110, 60.0, '2016-09-29 00:00:00', '2016-09-29 00:00:00'),
(8986, 3, 2016, 33.4, 29.6, 92.9, 199.7, 0.1, 0, 0.0, 0, 8160, 93.0, '2016-01-19 22:00:00', '2016-01-19 22:00:00'),
(30109, 4, 2016, 35.7, 35.2, 52.8, 74.9, 15.2, 0, 0.0, 0, 327, 89.0, '2016-12-02 00:00:00', '2016-12-02 00:00:00'),
(30109, 3, 2016, 35.8, 33.5, 82.1, 161.6, 0.2, 0, 0.0, 0, 7801, 89.0, '2016-05-28 10:00:00', '2016-05-28 10:00:00'),
(8288, 3, 2016, 36.5, 35.0, 75.0, 160.0, 1.0, 0, 0.0, 0, 7753, 88.0, '2016-06-17 10:00:00', '2016-06-17 10:00:00'),
(8288, 4, 2016, 36.7, 37.0, 58.2, 67.0, 12.2, 0, 0.0, 0, 313, 86.0, '2016-01-22 00:00:00', '2016-01-22 00:00:00'),
(26190, 4, 2016, 38.0, 38.0, 58.0, 61.9, 15.6, 0, 0.0, 0, 329, 90.0, '2016-02-16 00:00:00', '2016-02-16 00:00:00'),
(26190, 3, 2016, 38.1, 36.4, 78.8, 168.5, 1.6, 0, 0.0, 0, 8193, 93.0, '2016-08-23 09:00:00', '2016-08-23 09:00:00'),
(8775, 4, 2016, 42.6, 44.5, 63.2, 68.9, 12.6, 0, 0.0, 0, 84, 46.0, '2016-11-23 00:00:00', '2016-11-23 00:00:00'),
(8291, 2, 2016, 37.4, 26.6, 103.1, 141.2, 3.7, 677, 9.58, 146, 7065, 80.0, '2016-02-06 19:00:00', '2016-02-06 19:00:00'),
(8291, 1, 2016, 37.5, 19.5, 145.2, 210.5, 0.7, 373, 5.21, 156, 7159, 82.0, '2016-02-03 15:00:00', '2016-02-03 15:00:00'),
(30004, 3, 2016, 49.5, 45.2, 128.6, 228.5, 0.1, 0, 0.0, 0, 8135, 93.0, '2016-09-23 12:00:00', '2016-09-23 12:00:00'),
(30004, 4, 2016, 49.6, 49.6, 71.1, 85.7, 25.0, 0, 0.0, 0, 343, 94.0, '2016-12-15 00:00:00', '2016-12-15 00:00:00'),
(30111, 3, 2016, 50.3, 45.6, 120.6, 225.6, 0.4, 0, 0.0, 0, 8025, 91.0, '2016-10-08 08:00:00', '2016-10-08 08:00:00'),
(30111, 4, 2016, 50.3, 49.5, 82.1, 96.0, 20.3, 0, 0.0, 0, 335, 92.0, '2016-10-11 00:00:00', '2016-10-11 00:00:00'),
(30110, 3, 2016, 50.8, 49.0, 102.0, 184.0, 1.0, 0, 0.0, 0, 7810, 89.0, '2016-07-09 21:00:00', '2016-07-09 21:00:00'),
(30110, 4, 2016, 50.9, 52.7, 72.6, 83.0, 20.1, 0, 0.0, 0, 316, 86.0, '2016-08-23 00:00:00', '2016-08-23 00:00:00'),
(8776, 3, 2016, 81.1, 66.0, 241.7, 710.4, 0.1, 0, 0.0, 0, 6718, 76.0, '2016-07-11 07:00:00', '2016-07-11 07:00:00'),
(8776, 4, 2016, 81.9, 77.4, 155.6, 187.2, 19.5, 76, 27.64, 76, 275, 75.0, '2016-05-13 00:00:00', '2016-05-13 00:00:00'),
(8775, 12, 2017, 9.1, 7.2, 28.8, 61.5, 0.3, 0, 0.0, 0, 8542, 98.0, '2017-12-12 19:00:00', '2017-12-12 19:00:00'),
(8775, 13, 2017, 9.1, 7.0, 23.0, 28.2, 3.4, 0, 0.0, 0, 355, 97.0, '2017-10-31 00:00:00', '2017-10-31 00:00:00'),
(30110, 7, 2017, 11.6, 10.0, 34.0, 161.0, 1.0, 0, 0.0, 0, 6657, 76.0, '2017-01-01 01:00:00', '2017-01-01 01:00:00'),
(30110, 8, 2017, 12.3, 12.1, 20.3, 37.2, 4.6, 0, 0.0, 0, 237, 65.0, '2017-01-01 00:00:00', '2017-01-01 00:00:00'),
(8285, 1, 2017, 17.0, 8.8, 71.0, 122.4, 0.1, 1, 0.02, 1, 6082, 69.0, '2017-12-15 15:00:00', '2017-12-15 15:00:00'),
(8285, 2, 2017, 17.0, 11.1, 52.9, 79.6, 0.8, 0, 0.0, 0, 6074, 69.0, '2017-09-03 17:00:00', '2017-09-03 17:00:00'),
(8291, 12, 2017, 13.8, 12.0, 41.5, 71.5, 0.0, 0, 0.0, 0, 5953, 68.0, '2017-03-16 09:00:00', '2017-03-16 09:00:00'),
(8291, 13, 2017, 13.9, 13.6, 24.8, 33.2, 4.2, 0, 0.0, 0, 230, 63.0, '2017-03-08 00:00:00', '2017-03-08 00:00:00'),
(26190, 8, 2017, 16.5, 16.3, 27.3, 27.4, 9.1, 0, 0.0, 0, 55, 1.0, '2017-02-24 00:00:00', '2017-02-24 00:00:00'),
(8986, 1, 2017, 22.9, 5.9, 115.1, 192.9, 0.0, 102, 1.47, 54, 6922, 79.0, '2017-06-13 11:00:00', '2017-06-13 11:00:00'),
(8986, 2, 2017, 23.2, 14.4, 81.9, 110.4, 0.0, 150, 2.22, 43, 6764, 77.0, '2017-08-10 18:00:00', '2017-08-10 18:00:00'),
(30004, 1, 2017, 23.8, 12.0, 105.4, 154.8, 0.0, 63, 0.74, 48, 8511, 97.0, '2017-08-02 14:00:00', '2017-08-02 14:00:00'),
(30004, 2, 2017, 23.8, 16.5, 73.7, 94.2, 0.1, 61, 0.72, 21, 8513, 97.0, '2017-08-17 17:00:00', '2017-08-17 17:00:00'),
(30111, 11, 2017, 3.8, 3.4, 9.6, 11.7, 0.7, 0, 0.0, 0, 343, 94.0, '2017-07-13 00:00:00', '2017-07-13 00:00:00'),
(30111, 10, 2017, 3.8, 2.8, 12.4, 21.6, 0.2, 0, 0.0, 0, 8293, 95.0, '2017-07-12 10:00:00', '2017-07-12 10:00:00'),
(30111, 9, 2017, 3.8, 2.8, 13.5, 31.1, 0.1, 0, 0.0, 0, 8347, 95.0, '2017-07-13 08:00:00', '2017-07-13 08:00:00'),
(30004, 2, 2018, 15.8, 10.5, 51.3, 76.5, 0.4, 0, 0.0, 0, 8517, 97.0, '2018-08-16 17:00:00', '2018-08-16 17:00:00'),
(8285, 7, 2017, 20.0, 18.0, 55.0, 107.0, 1.0, 0, 0.0, 0, 5243, 60.0, '2017-08-17 16:00:00', '2017-08-17 16:00:00'),
(31819, 8, 2017, 20.1, 19.0, 43.0, 52.8, 1.5, 1, 1.09, 1, 92, 75.0, '2017-11-15 00:00:00', '2017-11-15 00:00:00'),
(8285, 8, 2017, 20.3, 19.7, 34.9, 40.4, 10.8, 0, 0.0, 0, 221, 61.0, '2017-05-04 00:00:00', '2017-05-04 00:00:00'),
(8775, 1, 2017, 26.2, 14.5, 95.6, 173.1, 0.0, 10, 0.21, 6, 4713, 54.0, '2017-10-10 16:00:00', '2017-10-10 16:00:00'),
(8775, 2, 2017, 26.2, 19.0, 71.3, 109.6, 0.8, 30, 0.64, 9, 4721, 54.0, '2017-09-19 18:00:00', '2017-09-19 18:00:00'),
(31818, 4, 2017, 20.8, 19.8, 34.5, 54.7, 4.2, 0, 0.0, 0, 111, 91.0, '2017-12-20 00:00:00', '2017-12-20 00:00:00'),
(8291, 7, 2017, 22.4, 22.0, 48.0, 83.0, 1.0, 0, 0.0, 0, 7319, 84.0, '2017-08-06 23:00:00', '2017-08-06 23:00:00'),
(8291, 8, 2017, 22.5, 22.6, 36.1, 38.4, 5.8, 0, 0.0, 0, 291, 80.0, '2017-08-09 00:00:00', '2017-08-09 00:00:00'),
(8285, 11, 2017, 4.7, 4.2, 9.2, 10.2, 1.7, 0, 0.0, 0, 128, 35.0, '2017-04-24 00:00:00', '2017-04-24 00:00:00'),
(8285, 10, 2017, 4.7, 3.9, 13.9, 22.7, 0.3, 0, 0.0, 0, 3082, 35.0, '2017-04-25 13:00:00', '2017-04-25 13:00:00'),
(8285, 9, 2017, 4.7, 3.8, 14.7, 28.2, 0.0, 0, 0.0, 0, 3160, 36.0, '2017-04-26 16:00:00', '2017-04-26 16:00:00'),
(31821, 8, 2017, 24.5, 24.3, 38.6, 45.4, 10.9, 0, 0.0, 0, 125, 34.0, '2017-10-07 00:00:00', '2017-10-07 00:00:00'),
(31821, 7, 2017, 25.5, 22.4, 73.2, 203.3, 0.0, 0, 0.0, 0, 3559, 41.0, '2017-10-03 03:00:00', '2017-10-03 03:00:00'),
(26190, 3, 2017, 28.5, 23.3, 82.2, 237.6, 0.2, 0, 0.0, 0, 6616, 76.0, '2017-01-01 02:00:00', '2017-01-01 02:00:00'),
(26190, 4, 2017, 28.7, 25.1, 57.0, 69.8, 5.1, 0, 0.0, 0, 275, 75.0, '2017-04-06 00:00:00', '2017-04-06 00:00:00'),
(8776, 8, 2017, 29.1, 27.7, 54.8, 56.5, 11.4, 2, 3.57, 2, 56, 15.0, '2017-04-28 00:00:00', '2017-04-28 00:00:00'),
(8776, 7, 2017, 30.0, 28.5, 65.2, 107.2, 0.2, 0, 0.0, 0, 1477, 17.0, '2017-04-28 21:00:00', '2017-04-28 21:00:00'),
(8986, 4, 2017, 30.1, 27.1, 62.2, 75.0, 8.5, 0, 0.0, 0, 322, 88.0, '2017-07-01 00:00:00', '2017-07-01 00:00:00'),
(8986, 3, 2017, 30.5, 25.3, 95.9, 234.4, 0.1, 0, 0.0, 0, 7414, 85.0, '2017-10-28 09:00:00', '2017-10-28 09:00:00'),
(8288, 3, 2017, 31.0, 29.0, 71.0, 143.0, 1.0, 0, 0.0, 0, 6894, 79.0, '2017-02-24 22:00:00', '2017-02-24 22:00:00'),
(8288, 4, 2017, 31.0, 30.6, 55.1, 72.0, 10.0, 0, 0.0, 0, 283, 78.0, '2017-02-24 00:00:00', '2017-02-24 00:00:00'),
(8777, 4, 2017, 33.6, 34.3, 63.5, 71.5, 3.3, 0, 0.0, 0, 118, 97.0, '2017-02-24 00:00:00', '2017-02-24 00:00:00'),
(30109, 4, 2017, 36.3, 35.2, 54.7, 63.9, 15.6, 0, 0.0, 0, 239, 65.0, '2017-10-25 00:00:00', '2017-10-25 00:00:00'),
(30109, 3, 2017, 36.4, 33.6, 83.8, 169.4, 0.5, 0, 0.0, 0, 5881, 67.0, '2017-01-01 02:00:00', '2017-01-01 02:00:00'),
(8288, 1, 2017, 34.1, 18.0, 131.3, 196.1, 0.0, 235, 3.25, 113, 7225, 82.0, '2017-12-13 17:00:00', '2017-12-13 17:00:00'),
(8288, 2, 2017, 34.1, 25.7, 97.1, 128.4, 0.3, 545, 7.57, 132, 7201, 82.0, '2017-04-07 19:00:00', '2017-04-07 19:00:00'),
(30110, 1, 2017, 34.2, 20.2, 115.0, 159.2, 6.0, 88, 1.29, 57, 6816, 78.0, '2017-07-13 15:00:00', '2017-07-13 15:00:00'),
(30110, 2, 2017, 34.2, 26.4, 86.4, 109.4, 6.6, 268, 3.95, 77, 6786, 77.0, '2017-08-03 19:00:00', '2017-08-03 19:00:00'),
(8775, 4, 2017, 42.4, 42.2, 71.5, 81.1, 4.1, 0, 0.0, 0, 97, 80.0, '2017-09-27 00:00:00', '2017-09-27 00:00:00'),
(8291, 2, 2017, 36.2, 25.5, 101.0, 134.9, 0.2, 667, 8.99, 154, 7421, 85.0, '2017-08-17 16:00:00', '2017-08-17 16:00:00'),
(8291, 1, 2017, 36.4, 19.0, 140.6, 232.9, 0.0, 382, 5.08, 168, 7517, 86.0, '2017-02-23 15:00:00', '2017-02-23 15:00:00'),
(31820, 4, 2017, 43.6, 45.2, 82.2, 112.6, 1.9, 1, 0.99, 1, 101, 83.0, '2017-01-31 00:00:00', '2017-01-31 00:00:00'),
(30004, 3, 2017, 46.2, 41.9, 115.4, 200.9, 0.1, 0, 0.0, 0, 8511, 97.0, '2017-03-31 15:00:00', '2017-03-31 15:00:00'),
(30004, 4, 2017, 46.2, 45.8, 73.1, 91.4, 18.9, 0, 0.0, 0, 356, 98.0, '2017-04-06 00:00:00', '2017-04-06 00:00:00'),
(30111, 3, 2017, 48.2, 46.0, 103.6, 177.5, 0.3, 0, 0.0, 0, 7752, 88.0, '2017-03-16 08:00:00', '2017-03-16 08:00:00'),
(30111, 4, 2017, 48.3, 48.2, 70.0, 82.8, 23.8, 0, 0.0, 0, 319, 87.0, '2017-10-25 00:00:00', '2017-10-25 00:00:00'),
(31819, 4, 2017, 48.4, 49.5, 83.9, 89.9, 5.0, 0, 0.0, 0, 92, 75.0, '2017-01-26 00:00:00', '2017-01-26 00:00:00'),
(30110, 3, 2017, 50.5, 48.0, 103.0, 229.0, 2.0, 0, 0.0, 0, 7964, 91.0, '2017-01-01 02:00:00', '2017-01-01 02:00:00'),
(30110, 4, 2017, 50.6, 50.0, 75.5, 90.9, 20.6, 0, 0.0, 0, 327, 90.0, '2017-04-06 00:00:00', '2017-04-06 00:00:00'),
(31821, 4, 2017, 57.0, 58.0, 91.0, 99.5, 25.2, 0, 0.0, 0, 148, 41.0, '2017-07-26 00:00:00', '2017-07-26 00:00:00'),
(31821, 3, 2017, 57.5, 48.8, 172.4, 381.1, 0.1, 0, 0.0, 0, 3818, 44.0, '2017-12-01 16:00:00', '2017-12-01 16:00:00'),
(8291, 12, 2018, 12.6, 10.8, 34.7, 92.6, 0.1, 0, 0.0, 0, 6264, 72.0, '2018-06-03 12:00:00', '2018-06-03 12:00:00'),
(31847, 4, 2017, 59.4, 58.4, 99.4, 109.8, 7.6, 2, 1.8, 2, 111, 91.0, '2017-12-15 00:00:00', '2017-12-15 00:00:00'),
(8776, 4, 2017, 64.7, 62.7, 119.8, 201.1, 13.4, 6, 12.0, 6, 50, 14.0, '2017-04-28 00:00:00', '2017-04-28 00:00:00'),
(8776, 3, 2017, 67.8, 58.2, 219.4, 431.9, 0.8, 0, 0.0, 0, 1436, 16.0, '2017-04-28 18:00:00', '2017-04-28 18:00:00'),
(30110, 7, 2018, 12.6, 11.0, 35.0, 90.0, 1.0, 63, 0.94, 44, 6722, 77.0, '2018-07-27 01:00:00', '2018-07-27 01:00:00'),
(30110, 8, 2018, 13.0, 12.8, 23.2, 26.1, 4.7, 0, 0.0, 0, 252, 69.0, '2018-02-28 00:00:00', '2018-02-28 00:00:00'),
(8285, 2, 2018, 18.4, 13.7, 51.4, 72.4, 1.6, 0, 0.0, 0, 8442, 96.0, '2018-03-10 18:00:00', '2018-03-10 18:00:00'),
(26190, 4, 2018, 13.6, 13.4, 23.5, 28.8, 5.2, 0, 0.0, 0, 120, 33.0, '2018-04-21 00:00:00', '2018-04-21 00:00:00'),
(26190, 3, 2018, 13.8, 12.5, 33.8, 86.1, 0.1, 0, 0.0, 0, 2966, 34.0, '2018-05-21 13:00:00', '2018-05-21 13:00:00'),
(8986, 2, 2018, 21.1, 13.7, 68.6, 99.5, 0.4, 0, 0.0, 0, 7433, 85.0, '2018-01-31 18:00:00', '2018-01-31 18:00:00'),
(30004, 11, 2018, 3.1, 2.9, 3.8, 3.8, 2.3, 0, 0.0, 0, 34, 9.0, '2018-09-29 00:00:00', '2018-09-29 00:00:00'),
(30004, 9, 2018, 3.1, 3.1, 5.3, 9.2, 0.1, 0, 0.0, 0, 843, 10.0, '2018-09-17 04:00:00', '2018-09-17 04:00:00'),
(30111, 11, 2018, 4.0, 3.7, 8.0, 12.2, 0.9, 0, 0.0, 0, 343, 94.0, '2018-05-26 00:00:00', '2018-05-26 00:00:00'),
(30111, 9, 2018, 4.0, 3.0, 14.4, 53.7, 0.1, 0, 0.0, 0, 8202, 94.0, '2018-05-26 11:00:00', '2018-05-26 11:00:00'),
(8285, 7, 2018, 19.9, 18.0, 50.0, 124.0, 1.0, 232, 2.98, 93, 7797, 89.0, '2018-03-24 21:00:00', '2018-03-24 21:00:00'),
(8285, 8, 2018, 20.1, 19.6, 33.2, 37.0, 9.2, 0, 0.0, 0, 313, 86.0, '2018-12-15 00:00:00', '2018-12-15 00:00:00'),
(8776, 8, 2018, 22.8, 22.0, 36.9, 42.0, 10.5, 2, 2.3, 2, 87, 24.0, '2018-08-11 00:00:00', '2018-08-11 00:00:00'),
(8776, 7, 2018, 23.3, 18.5, 78.9, 270.8, 0.1, 463, 17.03, 120, 2718, 31.0, '2018-09-02 23:00:00', '2018-09-02 23:00:00'),
(8288, 2, 2018, 28.5, 21.2, 86.5, 123.0, 0.2, 38, 0.56, 14, 6839, 78.0, '2018-03-23 19:00:00', '2018-03-23 19:00:00'),
(8291, 7, 2018, 24.9, 24.0, 48.0, 99.0, 1.0, 415, 5.46, 106, 7598, 87.0, '2018-05-03 11:00:00', '2018-05-03 11:00:00'),
(8291, 8, 2018, 25.0, 24.8, 35.9, 39.6, 9.5, 0, 0.0, 0, 303, 83.0, '2018-04-19 00:00:00', '2018-04-19 00:00:00'),
(30110, 2, 2018, 29.7, 22.7, 78.3, 103.1, 4.5, 1, 0.01, 1, 8078, 92.0, '2018-08-16 18:00:00', '2018-08-16 18:00:00'),
(8288, 4, 2018, 30.1, 29.4, 52.7, 58.7, 8.6, 0, 0.0, 0, 326, 89.0, '2018-01-26 00:00:00', '2018-01-26 00:00:00'),
(8288, 3, 2018, 30.5, 28.0, 73.0, 162.0, 1.0, 86, 1.09, 48, 7922, 90.0, '2018-07-06 19:00:00', '2018-07-06 19:00:00'),
(8777, 4, 2018, 30.9, 28.2, 56.0, 62.3, 16.9, 0, 0.0, 0, 39, 0.0, '2018-10-29 00:00:00', '2018-10-29 00:00:00'),
(8285, 11, 2018, 9.0, 8.7, 15.3, 17.0, 2.6, 0, 0.0, 0, 323, 88.0, '2018-12-11 00:00:00', '2018-12-11 00:00:00'),
(8285, 9, 2018, 9.0, 7.7, 23.8, 60.7, 0.1, 0, 0.0, 0, 7890, 90.0, '2018-06-25 10:00:00', '2018-06-25 10:00:00'),
(30109, 4, 2018, 36.8, 37.1, 55.3, 76.4, 14.9, 0, 0.0, 0, 289, 79.0, '2018-04-19 00:00:00', '2018-04-19 00:00:00'),
(30109, 3, 2018, 36.9, 34.5, 82.2, 199.6, 0.1, 109, 1.54, 60, 7072, 81.0, '2018-04-20 19:00:00', '2018-04-20 19:00:00'),
(8986, 4, 2018, 38.8, 38.5, 57.8, 80.7, 12.7, 0, 0.0, 0, 250, 68.0, '2018-01-18 00:00:00', '2018-01-18 00:00:00'),
(8986, 3, 2018, 38.9, 33.8, 108.5, 198.7, 0.1, 185, 3.07, 72, 6029, 69.0, '2018-01-18 03:00:00', '2018-01-18 03:00:00'),
(8291, 2, 2018, 36.2, 26.6, 95.4, 132.7, 1.0, 78, 1.12, 22, 6974, 80.0, '2018-08-16 18:00:00', '2018-08-16 18:00:00'),
(30110, 4, 2018, 45.6, 44.9, 69.1, 86.0, 21.1, 2, 0.63, 2, 319, 87.0, '2018-12-19 00:00:00', '2018-12-19 00:00:00'),
(30110, 3, 2018, 45.8, 43.0, 101.0, 169.0, 1.0, 412, 5.23, 125, 7878, 90.0, '2018-04-12 20:00:00', '2018-04-12 20:00:00'),
(30111, 3, 2018, 46.6, 43.2, 104.5, 194.8, 0.1, 342, 4.34, 100, 7872, 90.0, '2018-05-17 11:00:00', '2018-05-17 11:00:00'),
(30111, 4, 2018, 46.6, 47.5, 64.5, 69.6, 20.9, 0, 0.0, 0, 329, 90.0, '2018-12-12 00:00:00', '2018-12-12 00:00:00'),
(8775, 4, 2018, 49.9, 31.2, 207.1, 292.7, 4.7, 1, 4.35, 1, 23, 0.0, '2018-02-05 00:00:00', '2018-02-05 00:00:00'),
(30004, 3, 2018, 50.0, 45.3, 122.7, 239.4, 0.1, 736, 8.73, 153, 8430, 96.0, '2018-01-01 02:00:00', '2018-01-01 02:00:00'),
(30004, 4, 2018, 50.0, 49.8, 75.8, 84.9, 20.1, 4, 1.15, 4, 348, 95.0, '2018-12-12 00:00:00', '2018-12-12 00:00:00'),
(8776, 3, 2018, 86.0, 55.9, 365.2, 851.4, 0.1, 1205, 40.26, 130, 2993, 34.0, '2018-12-21 06:00:00', '2018-12-21 06:00:00'),
(8776, 4, 2018, 93.7, 85.8, 213.1, 259.1, 23.7, 64, 56.64, 64, 113, 31.0, '2018-08-10 00:00:00', '2018-08-10 00:00:00'),
(8775, 2, 2019, 13.0, 10.1, 35.4, 52.7, 0.1, 0, 0.0, 0, 7271, 83.0, '2019-03-30 19:00:00', '2019-03-30 19:00:00'),
(8291, 12, 2019, 10.8, 9.6, 27.4, 39.1, 0.0, 0, 0.0, 0, 2050, 23.0, '2019-03-20 21:00:00', '2019-03-20 21:00:00'),
(8777, 2, 2019, 15.2, 13.0, 40.9, 56.6, 2.0, 0, 0.0, 0, 7250, 83.0, '2019-01-04 18:00:00', '2019-01-04 18:00:00'),
(31822, 7, 2019, 11.5, 9.7, 36.8, 65.6, 0.1, 30, 1.92, 23, 1560, 18.0, '2019-12-21 21:00:00', '2019-12-21 21:00:00'),
(31822, 8, 2019, 12.2, 11.8, 18.2, 19.5, 5.7, 0, 0.0, 0, 62, 17.0, '2019-12-27 00:00:00', '2019-12-27 00:00:00'),
(31817, 2, 2019, 17.3, 13.9, 42.8, 57.8, 0.6, 0, 0.0, 0, 6899, 79.0, '2019-08-15 18:00:00', '2019-08-15 18:00:00'),
(8777, 12, 2019, 14.5, 13.6, 41.0, 49.2, 0.0, 0, 0.0, 0, 198, 2.0, '2019-03-29 20:00:00', '2019-03-29 20:00:00'),
(30004, 2, 2019, 18.9, 12.6, 60.6, 179.9, 0.5, 20, 0.25, 3, 8090, 92.0, '2019-10-17 17:00:00', '2019-10-17 17:00:00'),
(31817, 9, 2019, 2.2, 1.8, 8.1, 45.3, 0.1, 0, 0.0, 0, 7458, 85.0, '2019-07-12 15:00:00', '2019-07-12 15:00:00'),
(31817, 11, 2019, 2.3, 2.3, 5.2, 6.4, 0.1, 0, 0.0, 0, 311, 85.0, '2019-03-20 00:00:00', '2019-03-20 00:00:00'),
(31819, 8, 2019, 15.6, 14.1, 30.8, 33.2, 0.5, 0, 0.0, 0, 69, 57.0, '2019-04-03 00:00:00', '2019-04-03 00:00:00'),
(30111, 9, 2019, 2.8, 2.3, 9.2, 22.9, 0.0, 0, 0.0, 0, 6069, 69.0, '2019-08-15 03:00:00', '2019-08-15 03:00:00'),
(30110, 8, 2019, 16.2, 15.3, 29.2, 53.1, 6.0, 1, 0.33, 1, 303, 83.0, '2019-08-15 00:00:00', '2019-08-15 00:00:00'),
(30110, 7, 2019, 16.2, 15.0, 41.0, 108.0, 1.0, 217, 2.93, 93, 7406, 85.0, '2019-08-15 06:00:00', '2019-08-15 06:00:00'),
(8285, 2, 2019, 22.2, 17.9, 54.7, 77.7, 1.6, 0, 0.0, 0, 7375, 84.0, '2019-08-22 18:00:00', '2019-08-22 18:00:00'),
(30111, 11, 2019, 2.9, 2.7, 5.7, 8.3, 0.6, 0, 0.0, 0, 245, 67.0, '2019-07-13 00:00:00', '2019-07-13 00:00:00'),
(8986, 2, 2019, 22.9, 14.8, 76.1, 104.3, 1.2, 3, 0.04, 2, 6672, 76.0, '2019-08-22 18:00:00', '2019-08-22 18:00:00'),
(31821, 7, 2019, 20.5, 15.2, 76.3, 188.4, 0.1, 770, 14.62, 262, 5266, 60.0, '2019-08-27 20:00:00', '2019-08-27 20:00:00'),
(8285, 8, 2019, 22.5, 21.9, 39.6, 55.0, 7.0, 14, 4.22, 14, 332, 91.0, '2019-08-15 00:00:00', '2019-08-15 00:00:00'),
(8285, 7, 2019, 22.6, 20.0, 57.0, 202.0, 1.0, 970, 12.08, 230, 8033, 92.0, '2019-12-29 01:00:00', '2019-12-29 01:00:00'),
(31817, 4, 2019, 22.8, 22.2, 42.2, 47.8, 7.9, 0, 0.0, 0, 294, 81.0, '2019-06-19 00:00:00', '2019-06-19 00:00:00'),
(31817, 3, 2019, 22.9, 20.6, 59.7, 287.6, 0.1, 44, 0.63, 28, 6960, 79.0, '2019-12-05 01:00:00', '2019-12-05 01:00:00'),
(31821, 8, 2019, 23.5, 21.4, 40.8, 49.6, 9.8, 7, 5.88, 7, 119, 33.0, '2019-08-22 00:00:00', '2019-08-22 00:00:00'),
(30110, 2, 2019, 28.6, 21.9, 75.0, 100.0, 3.7, 0, 0.0, 0, 7841, 90.0, '2019-09-08 17:00:00', '2019-09-08 17:00:00'),
(31818, 4, 2019, 25.8, 25.0, 47.6, 54.0, 8.9, 0, 0.0, 0, 110, 1.0, '2019-04-12 00:00:00', '2019-04-12 00:00:00'),
(8291, 7, 2019, 25.8, 25.0, 47.0, 147.0, 2.0, 719, 9.4, 187, 7651, 87.0, '2019-09-04 09:00:00', '2019-09-04 09:00:00'),
(8291, 8, 2019, 25.9, 25.4, 37.7, 60.9, 13.1, 10, 3.24, 10, 309, 85.0, '2019-08-15 00:00:00', '2019-08-15 00:00:00'),
(8777, 7, 2020, 10.8, 9.3, 30.3, 81.8, 0.7, 30, 0.68, 15, 4414, 50.0, '2020-10-24 04:00:00', '2020-10-24 04:00:00'),
(8776, 8, 2019, 28.3, 27.5, 48.6, 55.5, 12.8, 26, 13.2, 26, 197, 54.0, '2019-08-15 00:00:00', '2019-08-15 00:00:00'),
(8776, 7, 2019, 28.8, 24.2, 87.0, 208.9, 0.0, 1477, 26.03, 284, 5674, 65.0, '2019-08-09 16:00:00', '2019-08-09 16:00:00'),
(31822, 3, 2019, 28.9, 24.3, 89.9, 156.6, 0.1, 62, 3.75, 37, 1653, 19.0, '2019-11-27 09:00:00', '2019-11-27 09:00:00'),
(31822, 4, 2019, 31.1, 30.9, 42.5, 43.3, 18.1, 0, 0.0, 0, 67, 18.0, '2019-11-14 00:00:00', '2019-11-14 00:00:00'),
(8285, 11, 2019, 7.4, 6.3, 16.2, 27.3, 1.5, 0, 0.0, 0, 308, 84.0, '2019-07-09 00:00:00', '2019-07-09 00:00:00'),
(8285, 9, 2019, 7.4, 6.2, 20.0, 77.9, 0.2, 0, 0.0, 0, 7492, 86.0, '2019-07-09 13:00:00', '2019-07-09 13:00:00'),
(8288, 3, 2019, 33.1, 31.0, 79.0, 194.0, 1.0, 188, 2.47, 75, 7610, 87.0, '2019-08-15 08:00:00', '2019-08-15 08:00:00'),
(8291, 2, 2019, 32.1, 21.7, 99.3, 131.7, 0.1, 104, 1.77, 34, 5879, 67.0, '2019-08-18 18:00:00', '2019-08-18 18:00:00'),
(8777, 9, 2019, 7.8, 3.7, 39.7, 83.3, 0.0, 0, 0.0, 0, 7059, 81.0, '2019-06-05 10:00:00', '2019-06-05 10:00:00'),
(8288, 4, 2019, 33.4, 31.3, 64.4, 99.8, 5.9, 1, 0.33, 1, 305, 84.0, '2019-08-15 00:00:00', '2019-08-15 00:00:00'),
(8777, 11, 2019, 7.9, 7.0, 16.5, 20.8, 0.7, 0, 0.0, 0, 298, 82.0, '2019-01-12 00:00:00', '2019-01-12 00:00:00'),
(8986, 3, 2019, 35.2, 31.8, 98.3, 248.4, 0.1, 396, 5.65, 173, 7011, 80.0, '2019-01-23 10:00:00', '2019-01-23 10:00:00'),
(8986, 4, 2019, 35.2, 35.6, 57.0, 71.4, 12.7, 0, 0.0, 0, 283, 78.0, '2019-08-22 00:00:00', '2019-08-22 00:00:00'),
(30109, 4, 2019, 37.9, 37.1, 66.5, 90.1, 3.2, 2, 0.65, 2, 308, 84.0, '2019-08-15 00:00:00', '2019-08-15 00:00:00'),
(30109, 3, 2019, 38.0, 35.0, 90.4, 208.0, 0.1, 393, 5.33, 137, 7377, 84.0, '2019-08-15 04:00:00', '2019-08-15 04:00:00'),
(31820, 4, 2019, 41.5, 38.6, 86.5, 90.1, 14.8, 3, 4.55, 3, 66, 54.0, '2019-04-30 00:00:00', '2019-04-30 00:00:00'),
(8777, 4, 2019, 41.7, 42.1, 69.1, 81.1, 5.4, 1, 1.64, 1, 61, 1.0, '2019-08-22 00:00:00', '2019-08-22 00:00:00'),
(8288, 2, 2019, 38.1, 30.1, 102.4, 127.4, 0.3, 169, 2.39, 55, 7078, 81.0, '2019-08-29 17:00:00', '2019-08-29 17:00:00'),
(31819, 4, 2019, 46.9, 44.8, 77.2, 153.8, 6.6, 3, 4.35, 3, 69, 57.0, '2019-10-18 00:00:00', '2019-10-18 00:00:00'),
(30111, 3, 2019, 47.4, 44.0, 106.8, 257.9, 0.2, 823, 10.63, 235, 7743, 88.0, '2019-08-09 08:00:00', '2019-08-09 08:00:00'),
(30111, 4, 2019, 47.4, 47.1, 67.4, 83.8, 19.1, 2, 0.63, 2, 319, 87.0, '2019-08-15 00:00:00', '2019-08-15 00:00:00'),
(8775, 4, 2019, 47.7, 45.2, 77.7, 92.7, 23.4, 2, 3.39, 2, 59, 1.0, '2019-10-09 00:00:00', '2019-10-09 00:00:00'),
(31821, 3, 2019, 50.1, 40.0, 168.2, 312.1, 0.1, 1175, 20.51, 282, 5730, 65.0, '2019-08-15 17:00:00', '2019-08-15 17:00:00'),
(30110, 3, 2019, 50.3, 47.0, 115.3, 227.0, 1.0, 1062, 13.73, 252, 7736, 88.0, '2019-08-15 07:00:00', '2019-08-15 07:00:00'),
(30110, 4, 2019, 50.3, 49.2, 79.6, 106.7, 17.3, 13, 4.08, 13, 319, 87.0, '2019-08-15 00:00:00', '2019-08-15 00:00:00'),
(31821, 4, 2019, 52.1, 49.2, 93.2, 118.3, 18.1, 18, 8.82, 18, 204, 56.0, '2019-08-15 00:00:00', '2019-08-15 00:00:00'),
(30004, 3, 2019, 58.9, 53.1, 152.6, 383.4, 0.1, 1575, 27.54, 216, 5719, 65.0, '2019-09-11 15:00:00', '2019-09-11 15:00:00'),
(30004, 4, 2019, 59.7, 56.4, 102.9, 119.0, 17.9, 38, 16.45, 38, 231, 63.0, '2019-08-15 00:00:00', '2019-08-15 00:00:00'),
(8776, 3, 2019, 103.7, 80.5, 344.4, 646.5, 0.0, 1871, 52.34, 187, 3575, 41.0, '2019-08-18 17:00:00', '2019-08-18 17:00:00'),
(8776, 4, 2019, 107.4, 101.7, 206.4, 234.6, 31.4, 94, 71.76, 94, 131, 36.0, '2019-10-28 00:00:00', '2019-10-28 00:00:00'),
(30004, 8, 2020, 7.1, 6.8, 11.3, 13.9, 3.2, 0, 0.0, 0, 261, 71.0, '2020-09-27 12:00:00', '2020-09-27 12:00:00'),
(30004, 7, 2020, 7.1, 6.0, 22.0, 44.0, 0.4, 7, 0.11, 7, 6143, 70.0, '2020-09-27 05:00:00', '2020-09-27 05:00:00'),
(8775, 2, 2020, 13.5, 10.7, 35.0, 44.8, 0.3, 0, 0.0, 0, 7642, 87.0, '2020-03-08 05:00:00', '2020-03-08 05:00:00'),
(8777, 12, 2020, 8.0, 7.2, 21.8, 32.0, 0.0, 0, 0.0, 0, 1404, 16.0, '2020-12-01 09:00:00', '2020-12-01 09:00:00'),
(8775, 8, 2020, 10.1, 9.8, 16.2, 20.1, 4.6, 0, 0.0, 0, 238, 65.0, '2020-11-07 12:00:00', '2020-11-07 12:00:00'),
(8775, 7, 2020, 10.1, 9.2, 24.6, 147.8, 0.7, 24, 0.41, 12, 5794, 66.0, '2020-02-22 01:00:00', '2020-02-22 01:00:00'),
(8288, 7, 2020, 11.2, 10.5, 26.0, 55.0, 0.4, 6, 0.09, 4, 6376, 73.0, '2020-07-31 06:00:00', '2020-07-31 06:00:00'),
(30109, 7, 2020, 11.3, 10.0, 31.0, 174.0, 1.0, 44, 0.81, 19, 5451, 62.0, '2020-11-07 06:00:00', '2020-11-07 06:00:00'),
(30109, 8, 2020, 11.3, 10.2, 24.5, 37.3, 1.9, 0, 0.0, 0, 226, 62.0, '2020-03-05 12:00:00', '2020-03-05 12:00:00'),
(8288, 8, 2020, 11.3, 10.9, 21.0, 26.8, 2.2, 0, 0.0, 0, 264, 72.0, '2020-08-07 12:00:00', '2020-08-07 12:00:00'),
(30004, 2, 2020, 16.3, 12.2, 49.6, 104.3, 0.6, 1, 0.01, 1, 7808, 89.0, '2020-01-23 04:00:00', '2020-01-23 04:00:00'),
(8285, 2, 2020, 16.7, 11.3, 54.3, 75.4, 0.0, 0, 0.0, 0, 5653, 64.0, '2020-02-14 06:00:00', '2020-02-14 06:00:00'),
(31817, 2, 2020, 17.0, 13.9, 42.6, 55.8, 0.6, 0, 0.0, 0, 7085, 81.0, '2020-01-17 04:00:00', '2020-01-17 04:00:00'),
(31822, 2, 2020, 17.2, 13.6, 47.5, 60.0, 0.5, 0, 0.0, 0, 8313, 95.0, '2020-07-17 06:00:00', '2020-07-17 06:00:00'),
(31822, 7, 2020, 13.9, 9.4, 51.8, 139.6, 0.1, 447, 6.29, 139, 7105, 81.0, '2020-12-02 10:00:00', '2020-12-02 10:00:00'),
(8777, 2, 2020, 18.6, 17.5, 36.3, 47.2, 0.4, 0, 0.0, 0, 4396, 50.0, '2020-10-10 05:00:00', '2020-10-10 05:00:00'),
(31822, 8, 2020, 14.0, 10.6, 48.2, 60.1, 4.6, 10, 3.48, 10, 287, 78.0, '2020-10-30 12:00:00', '2020-10-30 12:00:00'),
(30111, 8, 2020, 14.1, 12.0, 33.9, 38.0, 4.3, 1, 0.38, 1, 260, 71.0, '2020-02-18 12:00:00', '2020-02-18 12:00:00'),
(30111, 7, 2020, 14.1, 11.0, 45.0, 123.0, 0.4, 262, 4.14, 52, 6334, 72.0, '2020-01-31 01:00:00', '2020-01-31 01:00:00'),
(8986, 8, 2020, 14.2, 12.6, 25.8, 34.2, 5.0, 0, 0.0, 0, 228, 62.0, '2020-02-09 12:00:00', '2020-02-09 12:00:00'),
(8986, 7, 2020, 14.2, 12.0, 36.0, 151.0, 0.8, 86, 1.56, 32, 5517, 63.0, '2020-02-09 01:00:00', '2020-02-09 01:00:00'),
(31819, 8, 2020, 14.4, 14.0, 27.9, 30.1, 3.1, 0, 0.0, 0, 28, 23.0, '2020-08-04 00:00:00', '2020-08-04 00:00:00'),
(30004, 2, 2021, 17.1, 10.6, 64.4, 70.3, 0.7, 0, 0.0, 0, 400, 5.0, '2021-10-30 04:00:00', '2021-10-30 04:00:00'),
(8986, 2, 2020, 21.3, 14.2, 70.2, 110.3, 0.2, 3, 0.05, 1, 5922, 67.0, '2020-03-04 05:00:00', '2020-03-04 05:00:00'),
(26190, 8, 2020, 16.5, 15.0, 30.3, 42.1, 5.8, 1, 0.56, 1, 179, 49.0, '2020-05-08 12:00:00', '2020-05-08 12:00:00'),
(26190, 7, 2020, 16.5, 14.0, 43.0, 158.0, 1.0, 157, 3.61, 52, 4351, 50.0, '2020-05-08 02:00:00', '2020-05-08 02:00:00'),
(30110, 8, 2020, 16.7, 16.7, 26.6, 51.5, 6.0, 1, 0.36, 1, 281, 77.0, '2020-11-02 12:00:00', '2020-11-02 12:00:00'),
(30110, 7, 2020, 16.8, 15.0, 39.0, 388.0, 1.0, 183, 2.72, 89, 6724, 77.0, '2020-11-02 11:00:00', '2020-11-02 11:00:00'),
(8285, 8, 2020, 18.6, 17.9, 30.9, 33.3, 7.3, 0, 0.0, 0, 266, 73.0, '2020-01-09 12:00:00', '2020-01-09 12:00:00'),
(31821, 7, 2020, 18.3, 13.9, 70.8, 189.3, 0.1, 569, 10.4, 228, 5472, 62.0, '2020-04-19 01:00:00', '2020-04-19 01:00:00'),
(8285, 7, 2020, 18.6, 17.0, 45.0, 90.0, 1.0, 333, 5.23, 113, 6362, 72.0, '2020-01-01 01:00:00', '2020-01-01 01:00:00'),
(8291, 8, 2020, 19.6, 16.9, 40.8, 42.5, 4.7, 10, 4.83, 10, 207, 57.0, '2020-02-15 12:00:00', '2020-02-15 12:00:00'),
(8291, 7, 2020, 19.6, 17.0, 46.0, 173.0, 1.0, 436, 8.68, 75, 5021, 57.0, '2020-11-06 11:00:00', '2020-11-06 11:00:00'),
(31821, 8, 2020, 20.1, 18.7, 38.3, 52.9, 5.3, 4, 3.1, 4, 129, 35.0, '2020-06-25 12:00:00', '2020-06-25 12:00:00'),
(8291, 3, 2020, 21.1, 16.9, 65.0, 226.0, 0.6, 40, 0.95, 14, 4229, 48.0, '2020-11-06 11:00:00', '2020-11-06 11:00:00'),
(8291, 4, 2020, 21.1, 18.2, 52.4, 71.0, 3.1, 0, 0.0, 0, 174, 48.0, '2020-08-07 12:00:00', '2020-08-07 12:00:00'),
(30110, 2, 2020, 27.4, 20.9, 71.9, 98.2, 5.1, 0, 0.0, 0, 6026, 69.0, '2020-01-09 06:00:00', '2020-01-09 06:00:00'),
(31817, 3, 2020, 22.5, 20.4, 54.2, 345.3, 0.1, 33, 0.5, 16, 6620, 75.0, '2020-05-31 10:00:00', '2020-05-31 10:00:00'),
(31817, 4, 2020, 22.6, 21.9, 40.0, 52.0, 6.9, 0, 0.0, 0, 273, 75.0, '2020-11-07 12:00:00', '2020-11-07 12:00:00'),
(8776, 7, 2020, 24.9, 19.4, 86.2, 246.0, 0.2, 1193, 21.36, 239, 5586, 64.0, '2020-08-03 06:00:00', '2020-08-03 06:00:00'),
(31823, 7, 2020, 24.9, 16.9, 107.7, 233.0, 0.1, 778, 21.48, 157, 3622, 41.0, '2020-10-13 02:00:00', '2020-10-13 02:00:00'),
(8776, 8, 2020, 25.0, 23.7, 46.7, 70.2, 7.6, 25, 11.36, 25, 220, 60.0, '2020-01-10 12:00:00', '2020-01-10 12:00:00'),
(31823, 8, 2020, 25.1, 21.2, 74.5, 84.2, 5.3, 19, 16.67, 19, 114, 31.0, '2020-10-25 12:00:00', '2020-10-25 12:00:00'),
(31818, 4, 2020, 25.7, 24.9, 40.3, 42.6, 11.1, 0, 0.0, 0, 27, 22.0, '2020-02-21 00:00:00', '2020-02-21 00:00:00'),
(8775, 3, 2020, 28.2, 25.4, 68.9, 195.2, 2.8, 69, 1.28, 35, 5395, 61.0, '2020-02-22 01:00:00', '2020-02-22 01:00:00'),
(8775, 4, 2020, 28.2, 27.0, 49.8, 64.4, 9.9, 0, 0.0, 0, 222, 61.0, '2020-12-04 12:00:00', '2020-12-04 12:00:00'),
(31822, 4, 2020, 30.5, 28.0, 65.7, 144.2, 7.0, 3, 1.04, 3, 289, 79.0, '2020-07-30 12:00:00', '2020-07-30 12:00:00'),
(31822, 3, 2020, 30.6, 23.7, 113.5, 756.4, 0.1, 378, 5.29, 129, 7142, 81.0, '2020-07-31 08:00:00', '2020-07-31 08:00:00'),
(26190, 2, 2020, 30.5, 22.8, 85.2, 112.8, 0.6, 24, 0.47, 12, 5075, 58.0, '2020-08-31 09:00:00', '2020-08-31 09:00:00'),
(30111, 11, 2020, 6.8, 7.2, 11.5, 14.3, 2.9, 0, 0.0, 0, 314, 86.0, '2020-08-27 12:00:00', '2020-08-27 12:00:00'),
(30111, 9, 2020, 6.8, 6.3, 16.1, 63.3, 0.0, 0, 0.0, 0, 7642, 87.0, '2020-08-27 11:00:00', '2020-08-27 11:00:00'),
(8986, 9, 2020, 7.3, 4.6, 33.3, 221.6, 0.0, 6, 0.12, 6, 4861, 55.0, '2020-10-28 11:00:00', '2020-10-28 11:00:00'),
(8291, 2, 2020, 31.8, 24.0, 84.7, 128.3, 1.4, 12, 0.53, 6, 2283, 26.0, '2020-10-16 04:00:00', '2020-10-16 04:00:00'),
(30109, 3, 2020, 33.2, 30.6, 76.2, 191.6, 0.3, 150, 2.21, 76, 6791, 77.0, '2020-11-07 07:00:00', '2020-11-07 07:00:00'),
(30109, 4, 2020, 33.2, 32.7, 55.4, 63.3, 11.8, 0, 0.0, 0, 281, 77.0, '2020-03-05 12:00:00', '2020-03-05 12:00:00'),
(8288, 3, 2020, 33.2, 31.0, 71.3, 225.0, 1.0, 111, 1.48, 56, 7484, 85.0, '2020-02-01 06:00:00', '2020-02-01 06:00:00'),
(8288, 4, 2020, 33.2, 32.2, 56.2, 59.8, 8.3, 0, 0.0, 0, 306, 84.0, '2020-03-09 12:00:00', '2020-03-09 12:00:00'),
(8986, 11, 2020, 7.7, 7.3, 17.1, 20.2, 1.1, 0, 0.0, 0, 185, 51.0, '2020-05-08 12:00:00', '2020-05-08 12:00:00'),
(26190, 11, 2020, 7.8, 7.9, 10.4, 11.8, 2.9, 0, 0.0, 0, 150, 41.0, '2020-08-27 12:00:00', '2020-08-27 12:00:00'),
(26190, 9, 2020, 7.8, 6.9, 18.1, 75.0, 1.1, 0, 0.0, 0, 3734, 43.0, '2020-05-26 12:00:00', '2020-05-26 12:00:00'),
(8285, 11, 2020, 8.7, 7.1, 16.2, 19.0, 3.1, 0, 0.0, 0, 250, 68.0, '2020-08-27 12:00:00', '2020-08-27 12:00:00'),
(8285, 9, 2020, 8.7, 7.6, 20.3, 65.6, 0.1, 0, 0.0, 0, 6080, 69.0, '2020-08-27 11:00:00', '2020-08-27 11:00:00'),
(8777, 3, 2020, 36.6, 29.2, 120.9, 250.2, 2.0, 391, 8.86, 103, 4415, 50.0, '2020-08-04 08:00:00', '2020-08-04 08:00:00'),
(8777, 4, 2020, 36.6, 34.6, 78.7, 87.8, 8.6, 5, 2.72, 5, 184, 50.0, '2020-08-05 12:00:00', '2020-08-05 12:00:00'),
(30111, 3, 2020, 38.6, 35.6, 88.3, 165.2, 0.1, 392, 4.96, 144, 7908, 90.0, '2020-08-18 12:00:00', '2020-08-18 12:00:00'),
(30111, 4, 2020, 38.6, 38.3, 60.8, 66.6, 14.7, 0, 0.0, 0, 326, 89.0, '2020-02-18 12:00:00', '2020-02-18 12:00:00'),
(31819, 4, 2020, 39.2, 36.0, 80.2, 102.3, 13.3, 1, 3.57, 1, 28, 23.0, '2020-08-04 00:00:00', '2020-08-04 00:00:00'),
(8986, 3, 2020, 39.3, 34.1, 120.0, 343.8, 0.1, 502, 8.22, 189, 6108, 70.0, '2020-12-29 11:00:00', '2020-12-29 11:00:00'),
(8986, 4, 2020, 39.3, 39.6, 64.9, 68.4, 15.0, 0, 0.0, 0, 265, 72.0, '2020-08-05 12:00:00', '2020-08-05 12:00:00'),
(8288, 2, 2020, 35.1, 27.3, 95.2, 118.3, 0.6, 71, 1.08, 44, 6569, 75.0, '2020-01-15 06:00:00', '2020-01-15 06:00:00'),
(31820, 4, 2020, 47.0, 47.6, 66.9, 73.7, 29.0, 0, 0.0, 0, 33, 27.0, '2020-08-07 00:00:00', '2020-08-07 00:00:00'),
(31821, 4, 2020, 47.7, 47.3, 78.4, 87.6, 10.6, 8, 3.17, 8, 252, 69.0, '2020-02-13 12:00:00', '2020-02-13 12:00:00'),
(31821, 3, 2020, 48.0, 38.6, 157.8, 572.7, 0.1, 1179, 17.74, 310, 6645, 76.0, '2020-05-19 06:00:00', '2020-05-19 06:00:00'),
(30004, 3, 2020, 51.8, 46.3, 131.4, 371.8, 0.1, 1444, 19.02, 239, 7592, 86.0, '2020-02-11 12:00:00', '2020-02-11 12:00:00'),
(30004, 4, 2020, 51.9, 51.1, 93.4, 146.6, 15.2, 21, 6.62, 21, 317, 87.0, '2020-12-05 12:00:00', '2020-12-05 12:00:00'),
(31823, 4, 2020, 52.1, 50.8, 103.2, 112.7, 13.3, 21, 13.55, 21, 155, 42.0, '2020-10-14 12:00:00', '2020-10-14 12:00:00'),
(30110, 4, 2020, 52.4, 51.5, 84.6, 109.5, 20.3, 15, 5.54, 15, 271, 74.0, '2020-08-04 12:00:00', '2020-08-04 12:00:00'),
(30110, 3, 2020, 52.5, 48.0, 123.0, 420.0, 2.0, 991, 15.17, 217, 6534, 74.0, '2020-11-02 11:00:00', '2020-11-02 11:00:00'),
(31823, 3, 2020, 52.9, 45.0, 167.2, 244.1, 0.1, 936, 22.19, 185, 4219, 48.0, '2020-06-06 06:00:00', '2020-06-06 06:00:00'),
(31847, 4, 2020, 65.4, 64.8, 83.0, 84.1, 45.8, 2, 16.67, 2, 12, 10.0, '2020-02-27 00:00:00', '2020-02-27 00:00:00'),
(8776, 3, 2020, 124.1, 76.0, 542.9, 2907.4, 0.1, 2918, 50.3, 247, 5801, 66.0, '2020-02-06 06:00:00', '2020-02-06 06:00:00'),
(8776, 4, 2020, 126.4, 106.7, 294.9, 482.2, 14.8, 166, 69.17, 166, 240, 66.0, '2020-02-06 12:00:00', '2020-02-06 12:00:00'),
(31822, 8, 2021, 8.0, 7.8, 15.6, 22.0, 2.2, 0, 0.0, 0, 199, 55.0, '2021-04-04 12:00:00', '2021-04-04 12:00:00'),
(31822, 7, 2021, 8.1, 5.6, 31.6, 82.8, 0.0, 62, 1.26, 39, 4908, 56.0, '2021-09-13 02:00:00', '2021-09-13 02:00:00'),
(31823, 7, 2021, 9.0, 3.5, 41.9, 49.9, 0.0, 39, 4.39, 24, 889, 10.0, '2021-02-13 05:00:00', '2021-02-13 05:00:00'),
(31817, 12, 2021, 6.0, 5.5, 13.1, 149.3, 1.0, 0, 0.0, 0, 1754, 20.0, '2021-12-22 02:00:00', '2021-12-22 02:00:00'),
(31822, 12, 2021, 6.8, 5.9, 18.3, 38.4, 0.0, 0, 0.0, 0, 2795, 32.0, '2021-04-21 04:00:00', '2021-04-21 04:00:00'),
(8775, 2, 2021, 13.2, 10.0, 38.2, 52.8, 0.0, 0, 0.0, 0, 7928, 91.0, '2021-08-04 06:00:00', '2021-08-04 06:00:00'),
(31822, 2, 2021, 13.4, 10.4, 39.1, 53.3, 0.4, 0, 0.0, 0, 7453, 85.0, '2021-02-24 06:00:00', '2021-02-24 06:00:00'),
(8777, 12, 2021, 8.2, 7.3, 23.5, 41.6, 1.0, 0, 0.0, 0, 3682, 42.0, '2021-04-23 11:00:00', '2021-04-23 11:00:00'),
(31821, 8, 2021, 9.8, 9.0, 20.5, 27.7, 0.0, 0, 0.0, 0, 296, 81.0, '2021-02-24 12:00:00', '2021-02-24 12:00:00'),
(31821, 7, 2021, 9.8, 7.7, 35.1, 77.0, 0.0, 108, 1.52, 60, 7082, 81.0, '2021-02-21 05:00:00', '2021-02-21 05:00:00'),
(31823, 8, 2021, 10.2, 9.2, 16.2, 16.9, 5.7, 0, 0.0, 0, 14, 4.0, '2021-01-30 12:00:00', '2021-01-30 12:00:00'),
(8777, 8, 2021, 10.3, 10.3, 17.7, 20.7, 4.5, 0, 0.0, 0, 264, 72.0, '2021-09-18 12:00:00', '2021-09-18 12:00:00'),
(8777, 7, 2021, 10.4, 8.8, 29.5, 64.7, 0.5, 29, 0.46, 24, 6352, 73.0, '2021-09-18 02:00:00', '2021-09-18 02:00:00'),
(8775, 8, 2021, 10.6, 9.5, 28.6, 48.0, 3.5, 2, 0.58, 2, 347, 95.0, '2021-02-25 12:00:00', '2021-02-25 12:00:00'),
(8775, 7, 2021, 10.6, 8.8, 34.3, 118.1, 0.5, 128, 1.53, 33, 8372, 96.0, '2021-02-25 01:00:00', '2021-02-25 01:00:00'),
(8291, 2, 2021, 14.5, 11.1, 37.7, 62.6, 4.0, 0, 0.0, 0, 1918, 22.0, '2021-09-29 05:00:00', '2021-09-29 05:00:00'),
(31817, 2, 2021, 14.9, 11.6, 41.2, 74.4, 0.0, 0, 0.0, 0, 7955, 91.0, '2021-09-29 05:00:00', '2021-09-29 05:00:00'),
(8285, 2, 2021, 15.0, 10.2, 48.0, 64.3, 0.4, 0, 0.0, 0, 2358, 27.0, '2021-09-18 06:00:00', '2021-09-18 06:00:00'),
(8291, 7, 2021, 13.7, 13.0, 30.0, 38.0, 0.0, 1, 0.12, 1, 852, 10.0, '2021-10-22 10:00:00', '2021-10-22 10:00:00'),
(8288, 8, 2021, 11.5, 10.9, 22.0, 23.2, 4.7, 0, 0.0, 0, 102, 28.0, '2021-09-02 12:00:00', '2021-09-02 12:00:00'),
(8288, 7, 2021, 11.6, 10.6, 27.0, 42.7, 0.8, 4, 0.16, 3, 2496, 28.0, '2021-08-06 11:00:00', '2021-08-06 11:00:00'),
(30109, 7, 2021, 11.9, 10.9, 30.2, 79.3, 0.4, 15, 0.49, 14, 3080, 35.0, '2021-10-22 07:00:00', '2021-10-22 07:00:00'),
(30109, 8, 2021, 11.9, 12.0, 19.2, 21.5, 4.1, 0, 0.0, 0, 125, 34.0, '2021-09-16 12:00:00', '2021-09-16 12:00:00'),
(30004, 8, 2021, 12.7, 12.7, 19.0, 21.2, 6.5, 0, 0.0, 0, 67, 18.0, '2021-09-01 12:00:00', '2021-09-01 12:00:00'),
(30004, 7, 2021, 12.7, 11.5, 31.4, 55.0, 1.0, 8, 0.49, 7, 1642, 19.0, '2021-09-10 09:00:00', '2021-09-10 09:00:00'),
(8291, 8, 2021, 13.8, 13.7, 19.7, 21.2, 7.9, 0, 0.0, 0, 32, 9.0, '2021-10-22 12:00:00', '2021-10-22 12:00:00'),
(30111, 8, 2021, 15.1, 15.1, 21.8, 25.2, 7.7, 0, 0.0, 0, 105, 29.0, '2021-10-08 12:00:00', '2021-10-08 12:00:00'),
(30111, 7, 2021, 15.1, 12.7, 38.0, 64.6, 0.6, 58, 2.21, 36, 2619, 30.0, '2021-08-18 10:00:00', '2021-08-18 10:00:00'),
(8775, 3, 2021, 22.6, 19.2, 63.5, 155.6, 0.0, 46, 0.63, 20, 7296, 83.0, '2021-08-03 07:00:00', '2021-08-03 07:00:00'),
(8776, 8, 2021, 16.8, 14.1, 41.3, 52.8, 3.8, 3, 5.45, 3, 55, 15.0, '2021-03-28 12:00:00', '2021-03-28 12:00:00'),
(30110, 8, 2021, 17.1, 16.2, 26.5, 28.7, 5.5, 0, 0.0, 0, 90, 25.0, '2021-08-04 12:00:00', '2021-08-04 12:00:00'),
(30110, 7, 2021, 17.1, 16.0, 41.0, 138.0, 0.0, 84, 3.77, 38, 2230, 25.0, '2021-08-02 09:00:00', '2021-08-02 09:00:00'),
(8776, 7, 2021, 17.6, 10.1, 108.1, 239.7, 0.0, 145, 10.26, 45, 1413, 16.0, '2021-03-28 09:00:00', '2021-03-28 09:00:00'),
(8986, 8, 2021, 17.6, 17.6, 28.7, 30.9, 7.6, 0, 0.0, 0, 104, 28.0, '2021-09-02 12:00:00', '2021-09-02 12:00:00'),
(30111, 11, 2021, 3.2, 3.1, 5.7, 5.7, 1.5, 0, 0.0, 0, 30, 8.0, '2021-10-29 12:00:00', '2021-10-29 12:00:00'),
(30111, 9, 2021, 3.2, 2.5, 11.0, 17.7, 0.0, 0, 0.0, 0, 794, 9.0, '2021-11-11 02:00:00', '2021-11-11 02:00:00'),
(8986, 7, 2021, 17.7, 15.5, 43.5, 76.2, 1.1, 135, 5.31, 49, 2543, 29.0, '2021-08-18 11:00:00', '2021-08-18 11:00:00'),
(30110, 2, 2021, 23.5, 16.5, 67.8, 82.9, 1.5, 0, 0.0, 0, 2264, 26.0, '2021-09-05 05:00:00', '2021-09-05 05:00:00'),
(8777, 4, 2021, 18.0, 17.0, 36.7, 48.3, 7.0, 0, 0.0, 0, 264, 72.0, '2021-03-27 12:00:00', '2021-03-27 12:00:00'),
(8291, 4, 2021, 18.0, 15.1, 36.3, 39.0, 6.3, 0, 0.0, 0, 73, 20.0, '2021-11-12 12:00:00', '2021-11-12 12:00:00'),
(8777, 3, 2021, 18.1, 14.6, 55.7, 126.8, 0.0, 35, 0.55, 17, 6352, 73.0, '2021-01-13 04:00:00', '2021-01-13 04:00:00'),
(8291, 3, 2021, 18.1, 14.7, 47.1, 69.7, 1.0, 0, 0.0, 0, 1794, 20.0, '2021-12-01 09:00:00', '2021-12-01 09:00:00'),
(8288, 2, 2021, 25.8, 15.0, 79.7, 88.3, 1.3, 0, 0.0, 0, 641, 7.0, '2021-12-02 06:00:00', '2021-12-02 06:00:00'),
(31817, 3, 2021, 22.1, 20.6, 51.3, 137.6, 0.0, 20, 0.27, 10, 7354, 84.0, '2021-01-07 12:00:00', '2021-01-07 12:00:00'),
(31817, 4, 2021, 22.1, 21.8, 36.2, 52.0, 7.0, 0, 0.0, 0, 307, 84.0, '2021-01-07 12:00:00', '2021-01-07 12:00:00'),
(8775, 4, 2021, 22.5, 21.3, 47.1, 69.8, 1.4, 0, 0.0, 0, 302, 83.0, '2021-12-27 12:00:00', '2021-12-27 12:00:00'),
(8285, 7, 2021, 23.9, 22.0, 53.0, 124.0, 0.0, 326, 11.08, 89, 2941, 34.0, '2021-10-08 12:00:00', '2021-10-08 12:00:00'),
(8285, 8, 2021, 24.1, 24.0, 36.0, 37.9, 14.3, 1, 0.83, 1, 120, 33.0, '2021-10-14 12:00:00', '2021-10-14 12:00:00'),
(8288, 3, 2021, 31.3, 30.0, 61.0, 117.0, 1.0, 8, 0.53, 7, 1522, 17.0, '2021-10-08 09:00:00', '2021-10-08 09:00:00'),
(8288, 4, 2021, 31.5, 32.1, 48.0, 48.8, 15.3, 0, 0.0, 0, 61, 17.0, '2021-09-18 12:00:00', '2021-09-18 12:00:00'),
(31823, 4, 2021, 32.8, 32.3, 56.8, 61.0, 16.1, 0, 0.0, 0, 14, 4.0, '2021-01-21 12:00:00', '2021-01-21 12:00:00'),
(31823, 3, 2021, 33.4, 26.7, 121.4, 196.5, 0.1, 91, 10.24, 39, 889, 10.0, '2021-01-28 08:00:00', '2021-01-28 08:00:00'),
(30109, 4, 2021, 33.7, 34.1, 47.3, 54.0, 15.5, 0, 0.0, 0, 71, 19.0, '2021-09-16 12:00:00', '2021-09-16 12:00:00'),
(31822, 4, 2021, 38.1, 34.8, 65.1, 70.3, 25.4, 0, 0.0, 0, 101, 28.0, '2021-09-27 12:00:00', '2021-09-27 12:00:00'),
(30109, 3, 2021, 34.0, 31.5, 78.3, 191.4, 0.0, 49, 2.8, 29, 1749, 20.0, '2021-10-22 08:00:00', '2021-10-22 08:00:00'),
(8285, 11, 2021, 7.8, 7.3, 13.2, 14.1, 3.2, 0, 0.0, 0, 58, 16.0, '2021-08-28 12:00:00', '2021-08-28 12:00:00'),
(8285, 9, 2021, 7.8, 5.9, 27.2, 89.6, 0.7, 0, 0.0, 0, 1408, 16.0, '2021-08-23 10:00:00', '2021-08-23 10:00:00'),
(31821, 3, 2021, 34.5, 28.5, 107.6, 234.3, 0.0, 554, 7.82, 183, 7082, 81.0, '2021-10-27 07:00:00', '2021-10-27 07:00:00'),
(31821, 4, 2021, 34.5, 33.3, 62.5, 74.9, 0.0, 0, 0.0, 0, 296, 81.0, '2021-12-10 12:00:00', '2021-12-10 12:00:00'),
(31822, 3, 2021, 37.4, 32.4, 79.7, 89.8, 15.0, 107, 3.01, 48, 3553, 41.0, '2021-10-10 10:00:00', '2021-10-10 10:00:00'),
(31817, 14, 2021, 17.8, 11.2, 95.1, 559.5, 0.0, 0, 0.0, 0, 1751, 20.0, '2021-10-24 07:00:00', '2021-10-24 07:00:00'),
(8775, 14, 2021, 5.6, 2.4, 24.9, 135.1, 0.0, 0, 0.0, 0, 1370, 16.0, '2021-12-17 12:00:00', '2021-12-17 12:00:00'),
(8986, 4, 2021, 38.2, 37.3, 60.4, 71.2, 18.7, 0, 0.0, 0, 80, 22.0, '2021-09-16 12:00:00', '2021-09-16 12:00:00'),
(8986, 3, 2021, 38.3, 34.1, 110.8, 252.9, 0.0, 141, 7.26, 55, 1943, 22.0, '2021-11-22 12:00:00', '2021-11-22 12:00:00'),
(8986, 8, 2022, 19.7, 19.1, 31.8, 42.9, 9.5, 1, 0.52, 1, 193, 53.0, '2022-01-01 00:00:00', '2022-01-01 00:00:00'),
(30111, 3, 2021, 40.4, 36.3, 100.5, 157.8, 0.0, 146, 7.58, 45, 1925, 22.0, '2021-08-18 11:00:00', '2021-08-18 11:00:00'),
(30111, 4, 2021, 40.6, 40.4, 59.3, 60.3, 13.8, 0, 0.0, 0, 77, 21.0, '2021-09-16 12:00:00', '2021-09-16 12:00:00'),
(8776, 4, 2021, 40.0, 39.2, 61.0, 64.6, 12.0, 0, 0.0, 0, 36, 10.0, '2021-03-16 12:00:00', '2021-03-16 12:00:00'),
(8776, 3, 2021, 40.7, 33.5, 140.1, 256.0, 0.0, 110, 12.29, 30, 895, 10.0, '2021-03-28 09:00:00', '2021-03-28 09:00:00'),
(30110, 4, 2021, 51.3, 51.7, 82.6, 91.0, 14.8, 8, 6.15, 8, 130, 36.0, '2021-08-03 12:00:00', '2021-08-03 12:00:00'),
(30110, 3, 2021, 51.4, 48.0, 127.0, 261.0, 0.0, 517, 16.15, 118, 3202, 37.0, '2021-08-02 08:00:00', '2021-08-02 08:00:00'),
(30004, 4, 2021, 51.9, 52.7, 81.8, 87.7, 23.7, 5, 5.95, 5, 84, 23.0, '2021-08-04 12:00:00', '2021-08-04 12:00:00'),
(30004, 3, 2021, 52.1, 47.8, 120.7, 313.5, 0.1, 391, 18.65, 69, 2096, 24.0, '2021-08-05 11:00:00', '2021-08-05 11:00:00'),
(8775, 12, 2022, 4.9, 4.8, 10.2, 17.1, 0.7, 0, 0.0, 0, 1054, 12.0, '2022-01-01 00:00:00', '2022-01-01 00:00:00'),
(8291, 2, 2022, 11.6, 10.1, 35.5, 52.8, 0.1, 0, 0.0, 0, 2757, 31.0, '2022-01-01 00:00:00', '2022-01-01 00:00:00'),
(8775, 2, 2022, 12.9, 10.0, 34.8, 43.0, 0.0, 0, 0.0, 0, 3340, 38.0, '2022-01-01 00:00:00', '2022-01-01 00:00:00'),
(31817, 12, 2022, 8.0, 7.2, 18.7, 94.7, 0.0, 0, 0.0, 0, 4890, 56.0, '2022-01-01 00:00:00', '2022-01-01 00:00:00'),
(8775, 8, 2022, 10.5, 10.4, 16.2, 20.1, 0.0, 0, 0.0, 0, 360, 99.0, '2022-01-01 00:00:00', '2022-01-01 00:00:00'),
(8775, 7, 2022, 10.5, 9.9, 22.7, 62.2, 0.0, 14, 0.16, 13, 8635, 99.0, '2022-01-01 00:00:00', '2022-01-01 00:00:00'),
(8777, 8, 2022, 10.7, 10.5, 17.0, 23.3, 5.7, 0, 0.0, 0, 277, 76.0, '2022-01-01 00:00:00', '2022-01-01 00:00:00'),
(8777, 7, 2022, 10.7, 9.5, 26.1, 65.8, 0.0, 24, 0.36, 15, 6681, 76.0, '2022-01-01 00:00:00', '2022-01-01 00:00:00'),
(31823, 8, 2022, 11.0, 10.7, 17.4, 25.7, 6.5, 0, 0.0, 0, 340, 93.0, '2022-01-01 00:00:00', '2022-01-01 00:00:00'),
(31823, 7, 2022, 11.0, 10.3, 21.6, 102.9, 0.0, 10, 0.12, 9, 8155, 93.0, '2022-01-01 00:00:00', '2022-01-01 00:00:00'),
(8777, 2, 2022, 14.3, 12.2, 37.7, 58.1, 0.0, 0, 0.0, 0, 4882, 56.0, '2022-01-01 00:00:00', '2022-01-01 00:00:00'),
(31817, 2, 2022, 15.0, 11.8, 38.8, 53.7, 0.0, 0, 0.0, 0, 5981, 68.0, '2022-05-24 04:00:00', '2022-05-24 04:00:00'),
(8288, 8, 2022, 11.2, 10.1, 25.1, 30.8, 4.0, 0, 0.0, 0, 190, 52.0, '2022-01-01 00:00:00', '2022-01-01 00:00:00'),
(8288, 7, 2022, 11.2, 10.1, 29.4, 60.5, 0.7, 31, 0.66, 14, 4673, 53.0, '2022-01-01 00:00:00', '2022-01-01 00:00:00'),
(31821, 8, 2022, 11.4, 10.6, 24.6, 32.3, 0.0, 0, 0.0, 0, 254, 70.0, '2022-01-01 00:00:00', '2022-01-01 00:00:00'),
(31821, 7, 2022, 11.5, 9.8, 35.3, 250.0, 0.0, 93, 1.57, 47, 5908, 67.0, '2022-01-01 00:00:00', '2022-01-01 00:00:00'),
(30110, 2, 2022, 15.7, 11.0, 45.8, 63.0, 1.5, 0, 0.0, 0, 2071, 24.0, '2022-01-01 00:00:00', '2022-01-01 00:00:00'),
(30109, 7, 2022, 12.2, 11.3, 29.5, 43.4, 0.9, 7, 0.31, 7, 2235, 26.0, '2022-01-01 00:00:00', '2022-01-01 00:00:00'),
(30109, 8, 2022, 12.3, 12.1, 19.4, 21.0, 5.5, 0, 0.0, 0, 95, 26.0, '2022-01-01 00:00:00', '2022-01-01 00:00:00'),
(31820, 7, 2022, 12.6, 11.5, 28.6, 83.2, 3.4, 34, 0.49, 20, 6912, 79.0, '2022-01-01 00:00:00', '2022-01-01 00:00:00'),
(31820, 8, 2022, 12.6, 12.1, 22.8, 31.8, 6.9, 0, 0.0, 0, 287, 79.0, '2022-01-01 00:00:00', '2022-01-01 00:00:00'),
(8285, 2, 2022, 17.1, 11.8, 54.1, 75.7, 0.1, 0, 0.0, 0, 2711, 31.0, '2022-01-01 00:00:00', '2022-01-01 00:00:00'),
(30004, 8, 2022, 13.2, 12.8, 22.4, 26.1, 5.1, 0, 0.0, 0, 195, 53.0, '2022-01-01 00:00:00', '2022-01-01 00:00:00'),
(30004, 7, 2022, 13.2, 11.6, 33.7, 82.3, 0.5, 47, 1.0, 26, 4711, 54.0, '2022-01-01 00:00:00', '2022-01-01 00:00:00'),
(31847, 8, 2022, 13.6, 13.3, 21.3, 25.7, 7.0, 0, 0.0, 0, 363, 99.0, '2022-01-01 00:00:00', '2022-01-01 00:00:00'),
(31847, 7, 2022, 13.6, 12.1, 33.6, 65.6, 0.9, 102, 1.17, 66, 8713, 99.0, '2022-01-01 00:00:00', '2022-01-01 00:00:00'),
(31819, 8, 2022, 14.1, 13.9, 27.4, 30.2, 1.8, 0, 0.0, 0, 44, 1.0, '2022-01-01 00:00:00', '2022-01-01 00:00:00'),
(8291, 7, 2022, 14.4, 13.0, 35.0, 75.0, 0.0, 36, 1.02, 15, 3536, 40.0, '2022-01-01 00:00:00', '2022-01-01 00:00:00'),
(8291, 8, 2022, 14.5, 13.8, 27.8, 32.4, 6.1, 0, 0.0, 0, 142, 39.0, '2022-01-01 00:00:00', '2022-01-01 00:00:00'),
(30111, 7, 2022, 15.0, 12.5, 38.6, 68.6, 0.8, 69, 2.34, 35, 2950, 34.0, '2022-01-01 00:00:00', '2022-01-01 00:00:00'),
(30111, 8, 2022, 15.2, 14.8, 23.9, 28.9, 7.2, 0, 0.0, 0, 121, 33.0, '2022-01-01 00:00:00', '2022-01-01 00:00:00'),
(30110, 8, 2022, 15.6, 15.6, 30.7, 31.8, 7.9, 0, 0.0, 0, 99, 27.0, '2022-01-01 00:00:00', '2022-01-01 00:00:00'),
(30110, 7, 2022, 15.8, 14.0, 40.0, 73.0, 0.0, 73, 2.9, 34, 2521, 29.0, '2022-01-01 00:00:00', '2022-01-01 00:00:00'),
(30109, 11, 2022, 3.0, 3.1, 4.1, 4.2, 0.4, 0, 0.0, 0, 64, 18.0, '2022-01-01 00:00:00', '2022-01-01 00:00:00'),
(30109, 9, 2022, 3.0, 2.9, 5.9, 12.4, 0.2, 0, 0.0, 0, 1634, 19.0, '2022-01-01 00:00:00', '2022-01-01 00:00:00'),
(26190, 8, 2022, 17.4, 17.0, 27.2, 29.2, 7.8, 0, 0.0, 0, 45, 12.0, '2022-01-01 00:00:00', '2022-01-01 00:00:00'),
(26190, 7, 2022, 17.4, 15.2, 44.5, 67.6, 1.8, 53, 4.68, 19, 1132, 13.0, '2022-01-01 00:00:00', '2022-01-01 00:00:00'),
(30111, 11, 2022, 3.3, 2.7, 9.0, 13.5, 1.0, 0, 0.0, 0, 99, 27.0, '2022-01-01 00:00:00', '2022-01-01 00:00:00'),
(30111, 9, 2022, 3.3, 2.3, 13.6, 58.4, 0.0, 0, 0.0, 0, 2501, 29.0, '2022-01-01 00:00:00', '2022-01-01 00:00:00'),
(8285, 7, 2022, 19.4, 18.0, 47.0, 78.0, 0.0, 138, 6.57, 55, 2099, 24.0, '2022-01-01 00:00:00', '2022-01-01 00:00:00'),
(8285, 8, 2022, 19.5, 18.9, 30.4, 31.2, 9.5, 0, 0.0, 0, 83, 23.0, '2022-01-01 00:00:00', '2022-01-01 00:00:00'),
(8986, 7, 2022, 19.5, 17.1, 46.9, 184.3, 0.9, 327, 6.93, 108, 4722, 54.0, '2022-01-01 00:00:00', '2022-01-01 00:00:00'),
(30004, 2, 2022, 25.4, 18.3, 76.7, 115.7, 1.4, 3, 0.15, 2, 2049, 23.0, '2022-01-01 00:00:00', '2022-01-01 00:00:00'),
(8986, 4, 2022, 40.6, 40.3, 62.9, 67.3, 13.4, 0, 0.0, 0, 163, 45.0, '2022-01-01 00:00:00', '2022-01-01 00:00:00'),
(8777, 11, 2022, 11.5, 10.7, 31.0, 33.6, 0.3, 0, 0.0, 0, 161, 44.0, '2022-01-01 00:00:00', '2022-01-01 00:00:00'),
(8777, 9, 2022, 11.5, 7.1, 49.4, 101.3, 0.0, 1, 0.03, 1, 3781, 43.0, '2022-01-01 00:00:00', '2022-01-01 00:00:00'),
(31817, 3, 2022, 24.5, 22.8, 57.2, 382.3, 0.0, 24, 0.38, 18, 6257, 71.0, '2022-01-01 00:00:00', '2022-01-01 00:00:00'),
(31817, 4, 2022, 24.5, 24.0, 39.6, 46.8, 12.4, 0, 0.0, 0, 266, 73.0, '2022-01-01 00:00:00', '2022-01-01 00:00:00'),
(8777, 3, 2022, 26.1, 21.5, 75.4, 200.7, 0.0, 133, 2.0, 61, 6640, 76.0, '2022-01-01 00:00:00', '2022-01-01 00:00:00'),
(8777, 4, 2022, 26.2, 25.2, 44.9, 67.2, 11.2, 0, 0.0, 0, 274, 75.0, '2022-01-01 00:00:00', '2022-01-01 00:00:00'),
(8986, 2, 2022, 29.1, 19.7, 92.1, 134.5, 0.9, 22, 1.07, 9, 2063, 24.0, '2022-01-01 00:00:00', '2022-01-01 00:00:00'),
(8291, 3, 2022, 28.6, 26.0, 68.0, 186.8, 4.3, 56, 1.15, 27, 4857, 55.0, '2022-01-01 00:00:00', '2022-01-01 00:00:00'),
(8291, 4, 2022, 28.6, 27.4, 51.6, 64.3, 11.5, 0, 0.0, 0, 202, 55.0, '2022-01-01 00:00:00', '2022-01-01 00:00:00'),
(8288, 4, 2022, 28.8, 27.8, 56.9, 71.2, 9.7, 0, 0.0, 0, 186, 51.0, '2022-01-01 00:00:00', '2022-01-01 00:00:00'),
(8288, 3, 2022, 29.2, 26.0, 74.0, 153.0, 3.0, 80, 1.75, 36, 4580, 52.0, '2022-01-01 00:00:00', '2022-01-01 00:00:00'),
(31823, 3, 2022, 29.5, 25.1, 80.5, 275.2, 0.0, 210, 2.58, 64, 8150, 93.0, '2022-01-01 00:00:00', '2022-01-01 00:00:00'),
(31823, 4, 2022, 29.5, 27.0, 66.4, 83.0, 11.9, 3, 0.88, 3, 340, 93.0, '2022-01-01 00:00:00', '2022-01-01 00:00:00'),
(8775, 3, 2022, 29.6, 27.1, 66.1, 170.4, 0.0, 98, 1.14, 50, 8634, 99.0, '2022-01-01 00:00:00', '2022-01-01 00:00:00'),
(8775, 4, 2022, 29.6, 29.1, 48.4, 60.6, 0.0, 0, 0.0, 0, 360, 99.0, '2022-01-01 00:00:00', '2022-01-01 00:00:00'),
(8285, 11, 2022, 6.9, 6.4, 12.4, 12.9, 3.8, 0, 0.0, 0, 57, 16.0, '2022-01-01 00:00:00', '2022-01-01 00:00:00'),
(30109, 4, 2022, 32.4, 31.1, 51.0, 55.5, 15.5, 0, 0.0, 0, 92, 25.0, '2022-01-01 00:00:00', '2022-01-01 00:00:00'),
(8285, 9, 2022, 7.1, 6.1, 18.8, 46.3, 1.6, 0, 0.0, 0, 1498, 17.0, '2022-01-01 00:00:00', '2022-01-01 00:00:00'),
(30109, 3, 2022, 32.6, 30.0, 74.3, 111.6, 2.1, 40, 1.89, 21, 2120, 24.0, '2022-01-01 00:00:00', '2022-01-01 00:00:00'),
(31820, 3, 2022, 34.4, 29.9, 84.0, 195.3, 4.8, 222, 3.29, 89, 6755, 77.0, '2022-01-01 00:00:00', '2022-01-01 00:00:00'),
(31820, 4, 2022, 34.5, 32.6, 66.4, 84.0, 15.6, 4, 1.43, 4, 280, 77.0, '2022-01-01 00:00:00', '2022-01-01 00:00:00'),
(31821, 4, 2022, 34.7, 33.0, 65.9, 82.1, 8.7, 2, 0.8, 2, 250, 68.0, '2022-01-01 00:00:00', '2022-01-01 00:00:00'),
(31821, 3, 2022, 34.8, 29.7, 100.5, 250.0, 0.0, 400, 6.77, 123, 5912, 67.0, '2022-01-01 00:00:00', '2022-01-01 00:00:00'),
(8288, 2, 2022, 33.8, 25.8, 92.1, 135.7, 1.9, 18, 0.82, 11, 2193, 25.0, '2022-01-01 00:00:00', '2022-01-01 00:00:00'),
(31847, 3, 2022, 38.7, 34.3, 103.7, 193.7, 2.1, 631, 7.79, 194, 8095, 92.0, '2022-01-01 00:00:00', '2022-01-01 00:00:00'),
(31847, 4, 2022, 38.7, 37.1, 64.0, 72.3, 17.4, 0, 0.0, 0, 338, 93.0, '2022-01-01 00:00:00', '2022-01-01 00:00:00'),
(8986, 3, 2022, 39.8, 36.5, 92.7, 327.6, 2.1, 235, 5.85, 88, 4014, 46.0, '2022-01-01 00:00:00', '2022-01-01 00:00:00'),
(31819, 4, 2022, 43.3, 42.2, 78.7, 109.1, 11.1, 6, 4.84, 6, 124, 1.0, '2022-01-01 00:00:00', '2022-01-01 00:00:00'),
(30111, 3, 2022, 46.9, 43.5, 108.7, 168.0, 0.0, 312, 11.42, 83, 2732, 31.0, '2022-01-01 00:00:00', '2022-01-01 00:00:00'),
(30111, 4, 2022, 47.3, 46.7, 67.1, 78.8, 25.5, 1, 0.89, 1, 112, 31.0, '2022-01-01 00:00:00', '2022-01-01 00:00:00'),
(30004, 3, 2022, 49.2, 45.0, 116.4, 367.8, 1.9, 394, 16.0, 80, 2462, 28.0, '2022-01-01 00:00:00', '2022-01-01 00:00:00'),
(30004, 4, 2022, 49.2, 47.8, 76.2, 79.1, 22.5, 3, 2.97, 3, 101, 28.0, '2022-01-01 00:00:00', '2022-01-01 00:00:00'),
(30110, 3, 2022, 56.0, 52.0, 132.0, 288.0, 0.0, 994, 21.13, 168, 4705, 54.0, '2022-01-01 00:00:00', '2022-01-01 00:00:00'),
(30110, 4, 2022, 56.1, 55.5, 94.6, 103.6, 24.3, 20, 10.36, 20, 193, 53.0, '2022-01-01 00:00:00', '2022-01-01 00:00:00'),
(8986, 3, 2011, 29.4, 24.8, 85.0, 227.4, 0.3, 0, 0.0, 0, 7768, 89.0, '2011-09-12 15:00:00', '2011-09-12 15:00:00'),
(8986, 4, 2011, 29.2, 27.7, 58.6, 79.5, 4.2, 0, 0.0, 0, 315, 86.0, '2011-08-09 00:00:00', '2011-08-09 00:00:00'),
(31847, 7, 2023, 16.7, 14.5, 38.8, 52.0, 1.6, 153, 2.87, 73, 5323, 61.0, '2023-12-19 03:00:00', '2023-12-19 03:00:00'),
(31847, 8, 2023, 16.7, 16.3, 26.7, 28.1, 7.4, 0, 0.0, 0, 223, 61.0, '2023-09-19 00:00:00', '2023-09-19 00:00:00'),
(31974, 12, 2023, 10.4, 9.5, 24.2, 92.8, 0.0, 0, 0.0, 0, 5341, 61.0, '2023-04-27 13:00:00', '2023-04-27 13:00:00'),
(31823, 3, 2023, 35.3, 30.2, 91.5, 215.5, 4.9, 404, 4.63, 133, 8728, 100.0, '2023-07-12 21:00:00', '2023-07-12 21:00:00'),
(31823, 4, 2023, 35.2, 33.5, 61.4, 72.3, 15.3, 0, 0.0, 0, 366, 100.0, '2023-09-22 00:00:00', '2023-09-22 00:00:00'),
(31823, 7, 2023, 13.4, 11.9, 32.0, 90.5, 1.9, 93, 1.07, 43, 8729, 100.0, '2023-07-12 21:00:00', '2023-07-12 21:00:00'),
(31823, 8, 2023, 13.4, 12.7, 22.9, 28.6, 6.3, 0, 0.0, 0, 366, 100.0, '2023-09-22 00:00:00', '2023-09-22 00:00:00'),
(8775, 2, 2023, 19.6, 16.7, 45.2, 52.0, 1.3, 0, 0.0, 0, 1875, 21.0, '2023-10-18 17:00:00', '2023-10-18 17:00:00'),
(8775, 3, 2023, 31.3, 27.7, 74.8, 119.7, 0.4, 115, 1.92, 42, 5977, 68.0, '2023-06-07 07:00:00', '2023-06-07 07:00:00'),
(8775, 4, 2023, 31.4, 28.9, 57.0, 62.2, 8.5, 0, 0.0, 0, 242, 66.0, '2023-06-05 00:00:00', '2023-06-05 00:00:00'),
(8775, 7, 2023, 13.5, 12.2, 32.6, 71.5, 0.0, 64, 0.97, 27, 6614, 76.0, '2023-07-22 02:00:00', '2023-07-22 02:00:00'),
(8775, 8, 2023, 13.5, 13.3, 23.1, 31.5, 0.2, 0, 0.0, 0, 277, 76.0, '2023-05-26 00:00:00', '2023-05-26 00:00:00'),
(8776, 3, 2023, 42.6, 36.8, 108.5, 119.6, 2.1, 683, 14.87, 151, 4594, 52.0, '2023-06-19 23:00:00', '2023-06-19 23:00:00'),
(8776, 4, 2023, 42.2, 40.9, 73.0, 80.1, 15.8, 3, 1.62, 3, 185, 51.0, '2023-06-18 00:00:00', '2023-06-18 00:00:00'),
(8776, 7, 2023, 13.8, 12.2, 35.4, 63.1, 0.3, 79, 1.36, 43, 5794, 66.0, '2023-07-27 00:00:00', '2023-07-27 00:00:00'),
(8776, 8, 2023, 13.8, 13.5, 21.8, 29.4, 6.5, 0, 0.0, 0, 241, 66.0, '2023-08-30 00:00:00', '2023-08-30 00:00:00'),
(8777, 12, 2023, 17.1, 15.4, 37.2, 45.2, 3.0, 0, 0.0, 0, 1674, 19.0, '2023-08-12 08:00:00', '2023-08-12 08:00:00'),
(8777, 2, 2023, 12.5, 7.1, 39.9, 51.7, 0.1, 0, 0.0, 0, 3611, 41.0, '2023-05-04 17:00:00', '2023-05-04 17:00:00'),
(8777, 3, 2023, 26.8, 21.4, 78.7, 157.4, 3.1, 177, 2.62, 78, 6760, 77.0, '2023-10-10 08:00:00', '2023-10-10 08:00:00'),
(8777, 4, 2023, 26.8, 25.9, 51.2, 59.0, 10.2, 0, 0.0, 0, 277, 76.0, '2023-05-27 00:00:00', '2023-05-27 00:00:00'),
(8777, 7, 2023, 12.5, 10.7, 31.6, 74.1, 1.0, 43, 0.62, 27, 6937, 79.0, '2023-09-21 08:00:00', '2023-09-21 08:00:00'),
(8777, 8, 2023, 12.5, 12.1, 21.1, 21.9, 5.3, 0, 0.0, 0, 289, 79.0, '2023-05-27 00:00:00', '2023-05-27 00:00:00'),
(8777, 9, 2023, 10.6, 6.9, 52.0, 115.9, 0.0, 3, 0.05, 3, 5735, 65.0, '2023-04-02 09:00:00', '2023-04-02 09:00:00'),
(8777, 11, 2023, 10.6, 9.9, 23.2, 31.7, 0.0, 0, 0.0, 0, 241, 66.0, '2023-03-29 00:00:00', '2023-03-29 00:00:00'),
(31818, 3, 2023, 7.6, 6.8, 19.8, 34.4, 1.4, 0, 0.0, 0, 328, 4.0, '2023-10-10 08:00:00', '2023-10-10 08:00:00'),
(31818, 4, 2023, 7.5, 6.5, 13.8, 15.1, 4.6, 0, 0.0, 0, 15, 4.0, '2023-10-10 00:00:00', '2023-10-10 00:00:00'),
(31818, 7, 2023, 6.8, 6.1, 16.9, 42.3, 0.1, 2, 0.08, 2, 2664, 30.0, '2023-09-14 23:00:00', '2023-09-14 23:00:00'),
(31818, 8, 2023, 6.8, 6.2, 14.5, 15.4, 3.4, 0, 0.0, 0, 112, 31.0, '2023-09-24 00:00:00', '2023-09-24 00:00:00'),
(31819, 3, 2023, 41.4, 40.0, 77.5, 80.0, 3.3, 214, 4.37, 132, 4902, 56.0, '2023-01-01 00:00:00', '2023-01-01 00:00:00'),
(31819, 4, 2023, 39.1, 40.0, 53.2, 61.6, 19.3, 0, 0.0, 0, 163, 45.0, '2023-03-12 00:00:00', '2023-03-12 00:00:00'),
(31819, 7, 2023, 17.6, 16.6, 35.1, 37.0, 0.2, 0, 0.0, 0, 6076, 69.0, '2023-01-01 00:00:00', '2023-01-01 00:00:00'),
(31819, 8, 2023, 17.4, 17.8, 23.8, 26.3, 6.2, 0, 0.0, 0, 247, 67.0, '2023-06-29 00:00:00', '2023-06-29 00:00:00'),
(31820, 3, 2023, 35.0, 31.5, 82.8, 200.4, 2.0, 237, 2.98, 112, 7949, 91.0, '2023-09-27 20:00:00', '2023-09-27 20:00:00'),
(31820, 4, 2023, 35.0, 34.7, 58.5, 65.0, 13.4, 0, 0.0, 0, 334, 91.0, '2023-02-28 00:00:00', '2023-02-28 00:00:00'),
(31820, 7, 2023, 14.6, 13.5, 31.4, 45.2, 1.6, 45, 0.57, 33, 7929, 91.0, '2023-01-01 00:00:00', '2023-01-01 00:00:00'),
(31820, 8, 2023, 14.6, 14.3, 24.2, 30.0, 6.0, 0, 0.0, 0, 334, 91.0, '2023-08-30 00:00:00', '2023-08-30 00:00:00'),
(31821, 3, 2023, 37.7, 35.0, 76.1, 80.0, 10.0, 125, 2.64, 83, 4743, 54.0, '2023-01-01 00:00:00', '2023-01-01 00:00:00'),
(31821, 4, 2023, 38.1, 38.5, 52.0, 58.9, 20.8, 0, 0.0, 0, 188, 52.0, '2023-08-17 00:00:00', '2023-08-17 00:00:00'),
(31821, 7, 2023, 13.3, 12.3, 32.2, 37.0, 0.0, 0, 0.0, 0, 4415, 50.0, '2023-01-01 00:00:00', '2023-01-01 00:00:00'),
(31821, 8, 2023, 13.4, 13.2, 20.0, 23.0, 4.8, 0, 0.0, 0, 169, 46.0, '2023-09-19 00:00:00', '2023-09-19 00:00:00'),
(31822, 2, 2023, 13.0, 9.4, 37.0, 48.7, 0.0, 0, 0.0, 0, 3434, 39.0, '2023-03-28 17:00:00', '2023-03-28 17:00:00'),
(31822, 3, 2023, 26.2, 22.9, 62.6, 66.9, 0.0, 0, 0.0, 0, 3962, 45.0, '2023-03-03 18:00:00', '2023-03-03 18:00:00'),
(31822, 4, 2023, 25.2, 25.2, 37.9, 46.2, 7.9, 0, 0.0, 0, 156, 43.0, '2023-01-27 00:00:00', '2023-01-27 00:00:00'),
(31822, 7, 2023, 10.3, 8.4, 31.4, 35.9, 0.0, 0, 0.0, 0, 3520, 40.0, '2023-02-04 18:00:00', '2023-02-04 18:00:00'),
(31822, 8, 2023, 10.2, 9.8, 17.8, 25.2, 4.5, 0, 0.0, 0, 152, 42.0, '2023-01-27 00:00:00', '2023-01-27 00:00:00'),
(31847, 3, 2023, 37.6, 33.1, 82.6, 89.9, 3.1, 283, 5.37, 113, 5273, 60.0, '2023-08-25 11:00:00', '2023-08-25 11:00:00'),
(31847, 4, 2023, 37.6, 36.8, 56.3, 63.2, 16.4, 0, 0.0, 0, 222, 61.0, '2023-12-22 00:00:00', '2023-12-22 00:00:00'),
(31974, 2, 2023, 9.7, 7.5, 28.7, 38.5, 0.0, 0, 0.0, 0, 5534, 63.0, '2023-08-04 18:00:00', '2023-08-04 18:00:00'),
(31974, 3, 2023, 13.8, 12.9, 25.3, 60.0, 8.0, 0, 0.0, 0, 4384, 50.0, '2023-06-23 22:00:00', '2023-06-23 22:00:00'),
(31974, 4, 2023, 14.6, 14.2, 22.0, 23.1, 10.1, 0, 0.0, 0, 87, 24.0, '2023-12-22 00:00:00', '2023-12-22 00:00:00'),
(31974, 7, 2023, 10.2, 9.7, 20.7, 54.1, 1.6, 11, 0.19, 10, 5775, 66.0, '2023-06-23 22:00:00', '2023-06-23 22:00:00'),
(31974, 8, 2023, 10.0, 9.9, 15.1, 19.0, 4.9, 0, 0.0, 0, 206, 56.0, '2023-01-01 00:00:00', '2023-01-01 00:00:00'),
(31978, 3, 2023, 48.6, 45.8, 103.7, 114.8, 10.0, 627, 15.37, 159, 4080, 47.0, '2023-05-26 14:00:00', '2023-05-26 14:00:00'),
(31978, 4, 2023, 45.5, 45.2, 75.8, 83.3, 16.4, 4, 2.76, 4, 145, 40.0, '2023-03-31 00:00:00', '2023-03-31 00:00:00'),
(31978, 7, 2023, 10.0, 9.0, 26.4, 169.1, 0.7, 23, 0.31, 12, 7378, 84.0, '2023-07-20 08:00:00', '2023-07-20 08:00:00'),
(31978, 8, 2023, 10.0, 9.1, 20.8, 30.2, 5.3, 0, 0.0, 0, 309, 84.0, '2023-09-22 00:00:00', '2023-09-22 00:00:00'),
(31988, 3, 2023, 44.0, 38.5, 106.9, 129.6, 3.5, 867, 10.98, 196, 7894, 90.0, '2023-09-18 22:00:00', '2023-09-18 22:00:00'),
(31988, 4, 2023, 44.1, 41.9, 79.1, 91.2, 14.9, 11, 3.3, 11, 333, 91.0, '2023-12-14 00:00:00', '2023-12-14 00:00:00'),
(31988, 7, 2023, 9.7, 9.3, 19.1, 35.6, 1.0, 0, 0.0, 0, 8107, 93.0, '2023-02-27 22:00:00', '2023-02-27 22:00:00'),
(31988, 8, 2023, 9.7, 9.6, 14.2, 16.5, 5.2, 0, 0.0, 0, 338, 92.0, '2023-02-28 00:00:00', '2023-02-28 00:00:00'),
(8285, 2, 2023, 9.5, 6.4, 31.9, 40.3, 0.1, 0, 0.0, 0, 517, 6.0, '2023-05-13 18:00:00', '2023-05-13 18:00:00'),
(8285, 9, 2023, 13.4, 9.9, 25.9, 33.6, 6.9, 0, 0.0, 0, 773, 9.0, '2023-09-07 11:00:00', '2023-09-07 11:00:00'),
(8285, 11, 2023, 13.3, 9.8, 24.3, 24.4, 8.1, 0, 0.0, 0, 31, 8.0, '2023-09-14 00:00:00', '2023-09-14 00:00:00'),
(8291, 2, 2023, 39.4, 30.8, 95.9, 103.1, 9.4, 4, 0.6, 2, 662, 8.0, '2023-02-10 17:00:00', '2023-02-10 17:00:00');

ALTER TABLE municipios
ADD COLUMN latitud DECIMAL(10, 6),
ADD COLUMN longitud DECIMAL(10, 6);

UPDATE municipios SET latitud = 3.8801, longitud = -77.0312 WHERE nombre_municipio ILIKE 'BUENAVENTURA';
UPDATE municipios SET latitud = 3.9020, longitud = -76.2978 WHERE nombre_municipio ILIKE 'BUGA';
UPDATE municipios SET latitud = 3.4516, longitud = -76.5320 WHERE nombre_municipio ILIKE 'CALI';
UPDATE municipios SET latitud = 3.4067, longitud = -76.3486 WHERE nombre_municipio ILIKE 'CANDELARIA';
UPDATE municipios SET latitud = 4.7464, longitud = -75.9117 WHERE nombre_municipio ILIKE 'CARTAGO';
UPDATE municipios SET latitud = 3.2599, longitud = -76.5410 WHERE nombre_municipio ILIKE 'JAMUNDÍ';
UPDATE municipios SET latitud = 3.5394, longitud = -76.3036 WHERE nombre_municipio ILIKE 'PALMIRA';
UPDATE municipios SET latitud = 4.0847, longitud = -76.1954 WHERE nombre_municipio ILIKE 'TULUA';
UPDATE municipios SET latitud = 3.5829, longitud = -76.4910 WHERE nombre_municipio ILIKE 'YUMBO';
UPDATE municipios SET latitud = 4.3853, longitud = -76.0792 WHERE nombre_municipio ILIKE 'ZARZAL';

CREATE TABLE ubicaciones_municipios (
  id_municipio INT PRIMARY KEY REFERENCES municipios(id_municipio),
  latitud NUMERIC(10,6),
  longitud NUMERIC(10,6)
);

-- INDEX
-- Acelerar radicalmente las búsquedas por ubicación geográfica.
CREATE INDEX idx_ubicaciones_geom ON ubicaciones_estaciones USING GIST (geom);

-- Acelerar los filtros por estación en la tabla mediciones.
CREATE INDEX idx_mediciones_id_estacion ON mediciones (id_estacion);

-- Acelerar los filtros por tipo de medición (ej: PM2.5 a 24h) en la tabla mediciones.
CREATE INDEX idx_mediciones_id_exposicion ON mediciones(id_exposicion);
 
-- Acelerar los filtros por año en la tabla mediciones.
CREATE INDEX idx_mediciones_anio ON mediciones (anio);


ALTER TABLE ubicaciones_estaciones ADD COLUMN geom GEOMETRY(Point, 4326);
UPDATE ubicaciones_estaciones
SET geom = ST_SetSRID(ST_MakePoint(longitud, latitud), 4326);
CREATE INDEX idx_ubicaciones_estaciones_geom ON ubicaciones_estaciones USING GIST(geom);